decade,country,temperature,avg.temp,sd.temp,zscore.temp
1500.0,Austria,5.931,5.76365,0.22393520561936991,0.7473143829132889
1510.0,Austria,5.646,5.76365,0.22393520561936991,-0.5253751846414622
1520.0,Austria,6.002,5.76365,0.22393520561936991,1.064370380444471
1530.0,Austria,6.211,5.76365,0.22393520561936991,1.997676063317957
1540.0,Austria,5.937,5.76365,0.22393520561936991,0.7741078474933899
1550.0,Austria,6.016,5.76365,0.22393520561936991,1.1268884644647055
1560.0,Austria,5.634,5.76365,0.22393520561936991,-0.5789621138016602
1570.0,Austria,5.567,5.76365,0.22393520561936991,-0.8781558016127777
1580.0,Austria,5.731,5.76365,0.22393520561936991,-0.14580110309004551
1590.0,Austria,5.542,5.76365,0.22393520561936991,-0.989795237363196
1600.0,Austria,5.722,5.76365,0.22393520561936991,-0.18599129996019306
1610.0,Austria,5.904,5.76365,0.22393520561936991,0.6267437923028383
1620.0,Austria,5.77,5.76365,0.22393520561936991,0.028356416680603215
1630.0,Austria,5.858,5.76365,0.22393520561936991,0.42132723052207033
1640.0,Austria,5.672,5.76365,0.22393520561936991,-0.4092701714610296
1650.0,Austria,5.741,5.76365,0.22393520561936991,-0.10114532878987978
1660.0,Austria,5.856,5.76365,0.22393520561936991,0.412396075662038
1670.0,Austria,5.722,5.76365,0.22393520561936991,-0.18599129996019306
1680.0,Austria,5.678,5.76365,0.22393520561936991,-0.3824767068809286
1690.0,Austria,5.133,5.76365,0.22393520561936991,-2.816216406240012
1500.0,Belgium,9.368,9.0797,0.2822054309597138,1.0215962145716317
1510.0,Belgium,8.919,9.0797,0.2822054309597138,-0.5694433287605333
1520.0,Belgium,9.367,9.0797,0.2822054309597138,1.0180526966577534
1530.0,Belgium,9.588,9.0797,0.2822054309597138,1.80117015562525
1540.0,Belgium,9.165,9.0797,0.2822054309597138,0.3022620780539669
1550.0,Belgium,9.379,9.0797,0.2822054309597138,1.0605749116243102
1560.0,Belgium,8.96,9.0797,0.2822054309597138,-0.4241590942914479
1570.0,Belgium,8.865,9.0797,0.2822054309597138,-0.7607932961100597
1580.0,Belgium,8.979,9.0797,0.2822054309597138,-0.35683225392773177
1590.0,Belgium,8.889,9.0797,0.2822054309597138,-0.6757488661769404
1600.0,Belgium,9.029,9.0797,0.2822054309597138,-0.17965635823372417
1610.0,Belgium,9.227,9.0797,0.2822054309597138,0.5219601887145373
1620.0,Belgium,8.963,9.0797,0.2822054309597138,-0.4135285405498134
1630.0,Belgium,9.341,9.0797,0.2822054309597138,0.9259212308968653
1640.0,Belgium,9.066,9.0797,0.2822054309597138,-0.04854619542015755
1650.0,Belgium,9.098,9.0797,0.2822054309597138,0.06484637782400579
1660.0,Belgium,9.11,9.0797,0.2822054309597138,0.10736859279056234
1670.0,Belgium,8.893,9.0797,0.2822054309597138,-0.6615747945214152
1680.0,Belgium,9.152,9.0797,0.2822054309597138,0.25619634517352596
1690.0,Belgium,8.236,9.0797,0.2822054309597138,-2.989666063940642
1500.0,Bulgaria,10.132,10.1263,0.1403312247205835,0.040618187515633404
1510.0,Bulgaria,10.133,10.1263,0.1403312247205835,0.047744185325390764
1520.0,Bulgaria,10.22,10.1263,0.1403312247205835,0.6677059947746355
1530.0,Bulgaria,10.252,10.1263,0.1403312247205835,0.8957379246869975
1540.0,Bulgaria,10.264,10.1263,0.1403312247205835,0.9812498984041239
1550.0,Bulgaria,10.185,10.1263,0.1403312247205835,0.41829607143298864
1560.0,Bulgaria,10.047,10.1263,0.1403312247205835,-0.5650916263140713
1570.0,Bulgaria,10.123,10.1263,0.1403312247205835,-0.023515792772220805
1580.0,Bulgaria,10.211,10.1263,0.1403312247205835,0.6035720144867813
1590.0,Bulgaria,10.001,10.1263,0.1403312247205835,-0.8928875255630997
1600.0,Bulgaria,10.119,10.1263,0.1403312247205835,-0.05201978401126291
1610.0,Bulgaria,10.216,10.1263,0.1403312247205835,0.6392020035355808
1620.0,Bulgaria,10.302,10.1263,0.1403312247205835,1.2520378151750555
1630.0,Bulgaria,9.942,10.1263,0.1403312247205835,-1.3133213963390118
1640.0,Bulgaria,10.031,10.1263,0.1403312247205835,-0.6791075912702523
1650.0,Bulgaria,10.07,10.1263,0.1403312247205835,-0.4011936766895634
1660.0,Bulgaria,10.205,10.1263,0.1403312247205835,0.5608160276282118
1670.0,Bulgaria,10.298,10.1263,0.1403312247205835,1.2235338239360134
1680.0,Bulgaria,9.71,10.1263,0.1403312247205835,-2.9665528882036307
1690.0,Bulgaria,10.065,10.1263,0.1403312247205835,-0.4368236657383755
1500.0,Croatia,10.145,10.0374,0.19452192407892838,0.5531510163159828
1510.0,Croatia,9.947,10.0374,0.19452192407892838,-0.4647291066446597
1520.0,Croatia,10.239,10.0374,0.19452192407892838,1.0363870342872021
1530.0,Croatia,10.408,10.0374,0.19452192407892838,1.905183704895015
1540.0,Croatia,10.244,10.0374,0.19452192407892838,1.0620910777963042
1550.0,Croatia,10.255,10.0374,0.19452192407892838,1.118639973516345
1560.0,Croatia,9.922,10.0374,0.19452192407892838,-0.5932493241901878
1570.0,Croatia,9.86,10.0374,0.19452192407892838,-0.9119794637031217
1580.0,Croatia,10.039,10.0374,0.19452192407892838,0.008225293922913362
1590.0,Croatia,9.823,10.0374,0.19452192407892838,-1.1021893856705092
1600.0,Croatia,10.011,10.0374,0.19452192407892838,-0.13571734972808872
1610.0,Croatia,10.179,10.0374,0.19452192407892838,0.7279385121779146
1620.0,Croatia,10.118,10.0374,0.19452192407892838,0.4143491813668085
1630.0,Croatia,10.032,10.0374,0.19452192407892838,-0.027760366989834875
1640.0,Croatia,9.916,10.0374,0.19452192407892838,-0.6240941764011175
1650.0,Croatia,10.003,10.0374,0.19452192407892838,-0.17684381934265553
1660.0,Croatia,10.139,10.0374,0.19452192407892838,0.5223061641050533
1670.0,Croatia,10.098,10.0374,0.19452192407892838,0.31153300733038236
1680.0,Croatia,9.817,10.0374,0.19452192407892838,-1.1330342378814389
1690.0,Croatia,9.553,10.0374,0.19452192407892838,-2.4902077351622895
1500.0,Cyprus,19.294,19.2978,0.13199545446718997,-0.028788870157212976
1510.0,Cyprus,19.342,19.2978,0.13199545446718997,0.33486001603931587
1520.0,Cyprus,19.224,19.2978,0.13199545446718997,-0.5591101625271722
1530.0,Cyprus,19.266,19.2978,0.13199545446718997,-0.2409173871052128
1540.0,Cyprus,19.338,19.2978,0.13199545446718997,0.30455594218962084
1550.0,Cyprus,19.279,19.2978,0.13199545446718997,-0.14242914709363663
1560.0,Cyprus,19.301,19.2978,0.13199545446718997,0.024243259079766794
1570.0,Cyprus,19.305,19.2978,0.13199545446718997,0.05454733292948875
1580.0,Cyprus,19.329,19.2978,0.13199545446718997,0.23637177602776663
1590.0,Cyprus,19.265,19.2978,0.13199545446718997,-0.2484934055676231
1600.0,Cyprus,19.335,19.2978,0.13199545446718997,0.28182788680233606
1610.0,Cyprus,19.317,19.2978,0.13199545446718997,0.14545955447862768
1620.0,Cyprus,19.446,19.2978,0.13199545446718997,1.1227659361318443
1630.0,Cyprus,19.128,19.2978,0.13199545446718997,-1.2864079349202566
1640.0,Cyprus,19.249,19.2978,0.13199545446718997,-0.369709700966484
1650.0,Cyprus,19.286,19.2978,0.13199545446718997,-0.08939701785662996
1660.0,Cyprus,19.368,19.2978,0.13199545446718997,0.5318364960624412
1670.0,Cyprus,19.519,19.2978,0.13199545446718997,1.6758152838890614
1680.0,Cyprus,18.88,19.2978,0.13199545446718997,-3.165260513602399
1690.0,Cyprus,19.485,19.2978,0.13199545446718997,1.418230656166519
1500.0,Czech Republic,7.167,6.9665,0.2541699597140712,0.788842238577496
1510.0,Czech Republic,6.839,6.9665,0.2541699597140712,-0.5016328449807003
1520.0,Czech Republic,7.284,6.9665,0.2541699597140712,1.249164143383317
1530.0,Czech Republic,7.462,6.9665,0.2541699597140712,1.9494829387289243
1540.0,Czech Republic,7.124,6.9665,0.2541699597140712,0.6196641026232194
1550.0,Czech Republic,7.241,6.9665,0.2541699597140712,1.0799860074290402
1560.0,Czech Republic,6.81,6.9665,0.2541699597140712,-0.615729727368471
1570.0,Czech Republic,6.814,6.9665,0.2541699597140712,-0.5999922263494668
1580.0,Czech Republic,6.955,6.9665,0.2541699597140712,-0.045245315429631346
1590.0,Czech Republic,6.747,6.9665,0.2541699597140712,-0.8635953684177581
1600.0,Czech Republic,6.899,6.9665,0.2541699597140712,-0.26557032969566546
1610.0,Czech Republic,7.129,6.9665,0.2541699597140712,0.639335978896972
1620.0,Czech Republic,6.947,6.9665,0.2541699597140712,-0.07672031746763622
1630.0,Czech Republic,7.093,6.9665,0.2541699597140712,0.49769846972595183
1640.0,Czech Republic,6.909,6.9665,0.2541699597140712,-0.22622657714816025
1650.0,Czech Republic,6.936,6.9665,0.2541699597140712,-0.11999844526989335
1660.0,Czech Republic,7.01,6.9665,0.2541699597140712,0.17114532358165083
1670.0,Czech Republic,6.836,6.9665,0.2541699597140712,-0.5134359707449525
1680.0,Czech Republic,6.906,6.9665,0.2541699597140712,-0.23802970291241252
1690.0,Czech Republic,6.222,6.9665,0.2541699597140712,-2.9291423771618237
1500.0,Denmark,7.606,7.3462,0.29486278700082635,0.8810877854154996
1510.0,Denmark,7.235,7.3462,0.29486278700082635,-0.3771245640423512
1520.0,Denmark,7.716,7.3462,0.29486278700082635,1.254142659917829
1530.0,Denmark,7.813,7.3462,0.29486278700082635,1.5831092310698802
1540.0,Denmark,7.369,7.3462,0.29486278700082635,0.07732410126048309
1550.0,Denmark,7.624,7.3462,0.29486278700082635,0.9421331285158798
1560.0,Denmark,7.212,7.3462,0.29486278700082635,-0.45512694689283995
1570.0,Denmark,7.296,7.3462,0.29486278700082635,-0.1702486790910603
1580.0,Denmark,7.349,7.3462,0.29486278700082635,0.00949594226006123
1590.0,Denmark,7.232,7.3462,0.29486278700082635,-0.38729878789241506
1600.0,Denmark,7.245,7.3462,0.29486278700082635,-0.34321048454214026
1610.0,Denmark,7.482,7.3462,0.29486278700082635,0.4605531996128762
1620.0,Denmark,7.172,7.3462,0.29486278700082635,-0.5907832648936867
1630.0,Denmark,7.629,7.3462,0.29486278700082635,0.9590901682659854
1640.0,Denmark,7.404,7.3462,0.29486278700082635,0.19602337951122437
1650.0,Denmark,7.347,7.3462,0.29486278700082635,0.0027131263600196458
1660.0,Denmark,7.252,7.3462,0.29486278700082635,-0.31947062889199324
1670.0,Denmark,6.979,7.3462,0.29486278700082635,-1.2453249992477702
1680.0,Denmark,7.507,7.3462,0.29486278700082635,0.5453383983634036
1690.0,Denmark,6.455,7.3462,0.29486278700082635,-3.022422765058861
1500.0,England,9.113,8.86625,0.23442468771553537,1.0525768527392456
1510.0,England,8.747,8.86625,0.23442468771553537,-0.5086921567949614
1520.0,England,9.07,8.86625,0.23442468771553537,0.8691490729305849
1530.0,England,9.251,8.86625,0.23442468771553537,1.641252053055422
1540.0,England,8.889,8.86625,0.23442468771553537,0.09704609280574013
1550.0,England,9.097,8.86625,0.23442468771553537,0.984324655601138
1560.0,England,8.799,8.86625,0.23442468771553537,-0.28687251609611375
1570.0,England,8.708,8.86625,0.23442468771553537,-0.675056887319097
1580.0,England,8.766,8.86625,0.23442468771553537,-0.4276426726934582
1590.0,England,8.753,8.86625,0.23442468771553537,-0.48309758286817006
1600.0,England,8.83,8.86625,0.23442468771553537,-0.15463388414102805
1610.0,England,8.964,8.86625,0.23442468771553537,0.41697826689062345
1620.0,England,8.718,8.86625,0.23442468771553537,-0.6323992641077808
1630.0,England,9.143,8.86625,0.23442468771553537,1.1805497223732018
1640.0,England,8.899,8.86625,0.23442468771553537,0.1397037160170564
1650.0,England,8.903,8.86625,0.23442468771553537,0.15676676530158895
1660.0,England,8.855,8.86625,0.23442468771553537,-0.047989826112733634
1670.0,England,8.636,8.86625,0.23442468771553537,-0.9821917744405847
1680.0,England,9.015,8.86625,0.23442468771553537,0.6345321452683417
1690.0,England,8.169,8.86625,0.23442468771553537,-2.974302778409091
1500.0,Estonia,4.639,4.4734,0.31047610298751777,0.5333743834276937
1510.0,Estonia,4.429,4.4734,0.31047610298751777,-0.14300617526684362
1520.0,Estonia,4.975,4.4734,0.31047610298751777,1.6155832773389516
1530.0,Estonia,4.87,4.4734,0.31047610298751777,1.2773929979916845
1540.0,Estonia,4.478,4.4734,0.31047610298751777,0.014815955095213475
1550.0,Estonia,4.743,4.4734,0.31047610298751777,0.8683438029716554
1560.0,Estonia,4.313,4.4734,0.31047610298751777,-0.5166259124504946
1570.0,Estonia,4.591,4.4734,0.31047610298751777,0.37877311286894216
1580.0,Estonia,4.66,4.4734,0.31047610298751777,0.6010124392971471
1590.0,Estonia,4.413,4.4734,0.31047610298751777,-0.19453993211976078
1600.0,Estonia,4.323,4.4734,0.31047610298751777,-0.4844173144174192
1610.0,Estonia,4.656,4.4734,0.31047610298751777,0.5881290000839164
1620.0,Estonia,4.323,4.4734,0.31047610298751777,-0.4844173144174192
1630.0,Estonia,4.649,4.4734,0.31047610298751777,0.5655829814607662
1640.0,Estonia,4.556,4.4734,0.31047610298751777,0.26604301975318545
1650.0,Estonia,4.438,4.4734,0.31047610298751777,-0.11401843703707948
1660.0,Estonia,4.3,4.4734,0.31047610298751777,-0.5584970898934895
1670.0,Estonia,4.009,4.4734,0.31047610298751777,-1.4957672926559182
1680.0,Estonia,4.563,4.4734,0.31047610298751777,0.28858903837633565
1690.0,Estonia,3.54,4.4734,0.31047610298751777,-3.0063505404070527
1500.0,Finland,1.16,1.04755,0.30968413024615227,0.3631119228183217
1510.0,Finland,1.034,1.04755,0.30968413024615227,-0.04375426015285233
1520.0,Finland,1.486,1.04755,0.30968413024615227,1.4157974438389795
1530.0,Finland,1.353,1.04755,0.30968413024615227,0.9863275840360732
1540.0,Finland,1.017,1.04755,0.30968413024615227,-0.09864890388705881
1550.0,Finland,1.318,1.04755,0.30968413024615227,0.873309199877414
1560.0,Finland,0.938,1.04755,0.30968413024615227,-0.35374754241660455
1570.0,Finland,1.163,1.04755,0.30968413024615227,0.37279921288906437
1580.0,Finland,1.263,1.04755,0.30968413024615227,0.6957088819138055
1590.0,Finland,1.015,1.04755,0.30968413024615227,-0.10510709726755364
1600.0,Finland,0.858,1.04755,0.30968413024615227,-0.6120752776363977
1610.0,Finland,1.219,1.04755,0.30968413024615227,0.5536286275429199
1620.0,Finland,0.815,1.04755,0.30968413024615227,-0.7509264353170367
1630.0,Finland,1.23,1.04755,0.30968413024615227,0.5891486911356411
1640.0,Finland,1.151,1.04755,0.30968413024615227,0.3340500526060953
1650.0,Finland,1.039,1.04755,0.30968413024615227,-0.027608776701615594
1660.0,Finland,0.914,1.04755,0.30968413024615227,-0.43124586298254225
1670.0,Finland,0.572,1.04755,0.30968413024615227,-1.5355969310471589
1680.0,Finland,1.308,1.04755,0.30968413024615227,0.8410182329749397
1690.0,Finland,0.098,1.04755,0.30968413024615227,-3.066188762224434
1500.0,France,10.43,10.17725,0.23329422917942266,1.0833958511919004
1510.0,France,10.026,10.17725,0.23329422917942266,-0.6483229376568812
1520.0,France,10.342,10.17725,0.23329422917942266,0.7061897783733574
1530.0,France,10.622,10.17725,0.23329422917942266,1.906390919159639
1540.0,France,10.27,10.17725,0.23329422917942266,0.39756662788545155
1550.0,France,10.442,10.17725,0.23329422917942266,1.134833042939886
1560.0,France,10.091,10.17725,0.23329422917942266,-0.3697048156886387
1570.0,France,9.897,10.17725,0.23329422917942266,-1.2012727489477033
1580.0,France,10.037,10.17725,0.23329422917942266,-0.6011721785545585
1590.0,France,9.979,10.17725,0.23329422917942266,-0.849785272003153
1600.0,France,10.159,10.17725,0.23329422917942266,-0.07822739578339219
1610.0,France,10.291,10.17725,0.23329422917942266,0.4875817134444263
1620.0,France,10.092,10.17725,0.23329422917942266,-0.36541838304296814
1630.0,France,10.392,10.17725,0.23329422917942266,0.9205114106566179
1640.0,France,10.124,10.17725,0.23329422917942266,-0.22825253838167836
1650.0,France,10.211,10.17725,0.23329422917942266,0.14466710179120182
1660.0,France,10.286,10.17725,0.23329422917942266,0.46614955021609644
1670.0,France,10.129,10.17725,0.23329422917942266,-0.20682037515335613
1680.0,France,10.191,10.17725,0.23329422917942266,0.0589384488778976
1690.0,France,9.534,10.17725,0.23329422917942266,-2.757247799324206
1500.0,Germany,8.29,8.02825,0.28043141107192227,0.933383314656104
1510.0,Germany,7.877,8.02825,0.28043141107192227,-0.5393475695959359
1520.0,Germany,8.349,8.02825,0.28043141107192227,1.143773440977828
1530.0,Germany,8.552,8.02825,0.28043141107192227,1.8676581128983212
1540.0,Germany,8.138,8.02825,0.28043141107192227,0.3913612943018442
1550.0,Germany,8.326,8.02825,0.28043141107192227,1.0617569510558027
1560.0,Germany,7.883,8.02825,0.28043141107192227,-0.5179519635293195
1570.0,Germany,7.843,8.02825,0.28043141107192227,-0.6605893373067571
1580.0,Germany,7.967,8.02825,0.28043141107192227,-0.21841347859670204
1590.0,Germany,7.818,8.02825,0.28043141107192227,-0.7497376959176568
1600.0,Germany,7.96,8.02825,0.28043141107192227,-0.24337501900775244
1610.0,Germany,8.183,8.02825,0.28043141107192227,0.5518283398014611
1620.0,Germany,7.931,8.02825,0.28043141107192227,-0.3467871149963943
1630.0,Germany,8.256,8.02825,0.28043141107192227,0.812141546945286
1640.0,Germany,8.001,8.02825,0.28043141107192227,-0.09717171088588086
1650.0,Germany,8.025,8.02825,0.28043141107192227,-0.011589286619415124
1660.0,Germany,8.056,8.02825,0.28043141107192227,0.09895467805809467
1670.0,Germany,7.844,8.02825,0.28043141107192227,-0.65702340296232
1680.0,Germany,8.071,8.02825,0.28043141107192227,0.15244369322463577
1690.0,Germany,7.195,8.02825,0.28043141107192227,-2.9713147925012433
1500.0,Greece,13.444,13.4682,0.12946838671233513,-0.18691821698349012
1510.0,Greece,13.498,13.4682,0.12946838671233513,0.23017201926067274
1520.0,Greece,13.452,13.4682,0.12946838671233513,-0.12512707087324887
1530.0,Greece,13.502,13.4682,0.12946838671233513,0.26106759231580706
1540.0,Greece,13.578,13.4682,0.12946838671233513,0.8480834803631541
1550.0,Greece,13.49,13.4682,0.12946838671233513,0.16838087315043146
1560.0,Greece,13.438,13.4682,0.12946838671233513,-0.23326157656617794
1570.0,Greece,13.447,13.4682,0.12946838671233513,-0.16374653719215995
1580.0,Greece,13.527,13.4682,0.12946838671233513,0.4541649239103213
1590.0,Greece,13.375,13.4682,0.12946838671233513,-0.7198668521843863
1600.0,Greece,13.481,13.4682,0.12946838671233513,0.09886583377639975
1610.0,Greece,13.518,13.4682,0.12946838671233513,0.38464988453630333
1620.0,Greece,13.63,13.4682,0.12946838671233513,1.2497259300797772
1630.0,Greece,13.281,13.4682,0.12946838671233513,-1.4459128189797965
1640.0,Greece,13.375,13.4682,0.12946838671233513,-0.7198668521843863
1650.0,Greece,13.434,13.4682,0.12946838671233513,-0.2641571496213123
1660.0,Greece,13.582,13.4682,0.12946838671233513,0.8789790534182884
1670.0,Greece,13.691,13.4682,0.12946838671233513,1.7208834191704183
1680.0,Greece,13.083,13.4682,0.12946838671233513,-2.9752436852084396
1690.0,Greece,13.538,13.4682,0.12946838671233513,0.5391277498119202
1500.0,Hungary,9.794,9.67205,0.198288326752524,0.6150135108669361
1510.0,Hungary,9.587,9.67205,0.198288326752524,-0.42892086182233186
1520.0,Hungary,9.903,9.67205,0.198288326752524,1.1647180839255342
1530.0,Hungary,10.052,9.67205,0.198288326752524,1.9161491058129712
1540.0,Hungary,9.873,9.67205,0.198288326752524,1.013423247303896
1550.0,Hungary,9.886,9.67205,0.198288326752524,1.0789843431732695
1560.0,Hungary,9.542,9.67205,0.198288326752524,-0.6558631167547803
1570.0,Hungary,9.55,9.67205,0.198288326752524,-0.615517826989007
1580.0,Hungary,9.696,9.67205,0.198288326752524,0.12078371123626616
1590.0,Hungary,9.466,9.67205,0.198288326752524,-1.039143369529585
1600.0,Hungary,9.624,9.67205,0.198288326752524,-0.24232389665564769
1610.0,Hungary,9.819,9.67205,0.198288326752524,0.741092541384965
1620.0,Hungary,9.76,9.67205,0.198288326752524,0.4435460293624158
1630.0,Hungary,9.654,9.67205,0.198288326752524,-0.09102906003401841
1640.0,Hungary,9.576,9.67205,0.198288326752524,-0.4843956352502599
1650.0,Hungary,9.627,9.67205,0.198288326752524,-0.22719441299348386
1660.0,Hungary,9.746,9.67205,0.198288326752524,0.3729417722723239
1670.0,Hungary,9.705,9.67205,0.198288326752524,0.16617216222275763
1680.0,Hungary,9.403,9.67205,0.198288326752524,-1.3568625264350076
1690.0,Hungary,9.178,9.67205,0.198288326752524,-2.4915738010972497
1500.0,Iceland,1.577,1.51455,0.09475312798614037,0.6590811440983195
1510.0,Iceland,1.519,1.51455,0.09475312798614037,0.04696414877882183
1520.0,Iceland,1.502,1.51455,0.09475312798614037,-0.13244945329758148
1530.0,Iceland,1.527,1.51455,0.09475312798614037,0.13139407916771806
1540.0,Iceland,1.444,1.51455,0.09475312798614037,-0.7445664486170792
1550.0,Iceland,1.615,1.51455,0.09475312798614037,1.0601233134455768
1560.0,Iceland,1.552,1.51455,0.09475312798614037,0.39523761163301996
1570.0,Iceland,1.46,1.51455,0.09475312798614037,-0.5757065878392867
1580.0,Iceland,1.501,1.51455,0.09475312798614037,-0.1430031945961947
1590.0,Iceland,1.533,1.51455,0.09475312798614037,0.19471652695939023
1600.0,Iceland,1.496,1.51455,0.09475312798614037,-0.19577190108925366
1610.0,Iceland,1.543,1.51455,0.09475312798614037,0.30025393994551053
1620.0,Iceland,1.391,1.51455,0.09475312798614037,-1.3039147374435156
1630.0,Iceland,1.621,1.51455,0.09475312798614037,1.1234457612372488
1640.0,Iceland,1.56,1.51455,0.09475312798614037,0.4796675420219162
1650.0,Iceland,1.551,1.51455,0.09475312798614037,0.38468387033440676
1660.0,Iceland,1.532,1.51455,0.09475312798614037,0.18416278566077937
1670.0,Iceland,1.378,1.51455,0.09475312798614037,-1.4411133743254732
1680.0,Iceland,1.713,1.51455,0.09475312798614037,2.0943899607095555
1690.0,Iceland,1.276,1.51455,0.09475312798614037,-2.5175949867838976
1500.0,Ireland,9.1,8.921850000000001,0.17545468000837738,1.0153619156325304
1510.0,Ireland,8.839,8.921850000000001,0.17545468000837738,-0.47220171041345105
1520.0,Ireland,9.044,8.921850000000001,0.17545468000837738,0.6961911759445076
1530.0,Ireland,9.175,8.921850000000001,0.17545468000837738,1.4428227277147163
1540.0,Ireland,8.913,8.921850000000001,0.17545468000837738,-0.050440375825701156
1550.0,Ireland,9.088,8.921850000000001,0.17545468000837738,0.946968185699379
1560.0,Ireland,8.894,8.921850000000001,0.17545468000837738,-0.1587304482198541
1570.0,Ireland,8.786,8.921850000000001,0.17545468000837738,-0.7742740176181961
1580.0,Ireland,8.833,8.921850000000001,0.17545468000837738,-0.5063985753800267
1590.0,Ireland,8.855,8.921850000000001,0.17545468000837738,-0.38101007050258595
1600.0,Ireland,8.909,8.921850000000001,0.17545468000837738,-0.0732382858034149
1610.0,Ireland,8.98,8.921850000000001,0.17545468000837738,0.33142461630104714
1620.0,Ireland,8.779,8.921850000000001,0.17545468000837738,-0.8141703600791977
1630.0,Ireland,9.163,8.921850000000001,0.17545468000837738,1.374428997781565
1640.0,Ireland,8.951,8.921850000000001,0.17545468000837738,0.16613976896260474
1650.0,Ireland,8.963,8.921850000000001,0.17545468000837738,0.23453349889574598
1660.0,Ireland,8.916,8.921850000000001,0.17545468000837738,-0.03334194334241332
1670.0,Ireland,8.722,8.921850000000001,0.17545468000837738,-1.1390405772616565
1680.0,Ireland,9.105,8.921850000000001,0.17545468000837738,1.0438593031046801
1690.0,Ireland,8.422,8.921850000000001,0.17545468000837738,-2.8488838255903697
1500.0,Italy,11.337,11.25695,0.14126960972402705,0.5666469961683847
1510.0,Italy,11.18,11.25695,0.14126960972402705,-0.5447031399769803
1520.0,Italy,11.343,11.25695,0.14126960972402705,0.6091189758936868
1530.0,Italy,11.513,11.25695,0.14126960972402705,1.8124917347772023
1540.0,Italy,11.398,11.25695,0.14126960972402705,0.99844545670894
1550.0,Italy,11.439,11.25695,0.14126960972402705,1.2886706514984965
1560.0,Italy,11.198,11.25695,0.14126960972402705,-0.41728720080107373
1570.0,Italy,11.053,11.25695,0.14126960972402705,-1.4436933774958343
1580.0,Italy,11.218,11.25695,0.14126960972402705,-0.27571393505007485
1590.0,Italy,11.099,11.25695,0.14126960972402705,-1.1180748662685345
1600.0,Italy,11.239,11.25695,0.14126960972402705,-0.12706200601151726
1610.0,Italy,11.347,11.25695,0.14126960972402705,0.6374336290438841
1620.0,Italy,11.276,11.25695,0.14126960972402705,0.13484853562782936
1630.0,Italy,11.279,11.25695,0.14126960972402705,0.15608452549048046
1640.0,Italy,11.154,11.25695,0.14126960972402705,-0.7287483854532812
1650.0,Italy,11.254,11.25695,0.14126960972402705,-0.020882056698274407
1660.0,Italy,11.405,11.25695,0.14126960972402705,1.0479960997217883
1670.0,Italy,11.326,11.25695,0.14126960972402705,0.48878170000533905
1680.0,Italy,11.161,11.25695,0.14126960972402705,-0.679197742440433
1690.0,Italy,10.92,11.25695,0.14126960972402705,-2.385155594740003
1500.0,Latvia,5.171,5.0126,0.30291016559543293,0.5229273163831665
1510.0,Latvia,4.963,5.0126,0.30291016559543293,-0.16374491725129378
1520.0,Latvia,5.519,5.0126,0.30291016559543293,1.671782784194666
1530.0,Latvia,5.425,5.0126,0.30291016559543293,1.361459755532938
1540.0,Latvia,5.042,5.0126,0.30291016559543293,0.09705847917717801
1550.0,Latvia,5.272,5.0126,0.30291016559543293,0.8563595067537454
1560.0,Latvia,4.841,5.0126,0.30291016559543293,-0.5665045927484285
1570.0,Latvia,5.122,5.0126,0.30291016559543293,0.3611631844212012
1580.0,Latvia,5.19,5.0126,0.30291016559543293,0.5856521838786224
1590.0,Latvia,4.942,5.0126,0.30291016559543293,-0.2330724023778495
1600.0,Latvia,4.885,5.0126,0.30291016559543293,-0.4212470048642171
1610.0,Latvia,5.192,5.0126,0.30291016559543293,0.5922548015097222
1620.0,Latvia,4.902,5.0126,0.30291016559543293,-0.36512475499986113
1630.0,Latvia,5.173,5.0126,0.30291016559543293,0.5295299340142664
1640.0,Latvia,5.076,5.0126,0.30291016559543293,0.20930297890588714
1650.0,Latvia,4.964,5.0126,0.30291016559543293,-0.1604436084357424
1660.0,Latvia,4.83,5.0126,0.30291016559543293,-0.602818989719482
1670.0,Latvia,4.566,5.0126,0.30291016559543293,-1.4743645170247586
1680.0,Latvia,5.067,5.0126,0.30291016559543293,0.17959119956593636
1690.0,Latvia,4.11,5.0126,0.30291016559543293,-2.9797613369156877
1500.0,Lithuania,5.891,5.7263,0.29390010834331204,0.5603944854882792
1510.0,Lithuania,5.664,5.7263,0.29390010834331204,-0.21197678473539822
1520.0,Lithuania,6.222,5.7263,0.29390010834331204,1.6866274830391037
1530.0,Lithuania,6.158,5.7263,0.29390010834331204,1.4688664200685515
1540.0,Lithuania,5.778,5.7263,0.29390010834331204,0.17591010868089696
1550.0,Lithuania,5.979,5.7263,0.29390010834331204,0.8598159470727883
1560.0,Lithuania,5.547,5.7263,0.29390010834331204,-0.6100712279784384
1570.0,Lithuania,5.811,5.7263,0.29390010834331204,0.288193156775089
1580.0,Lithuania,5.88,5.7263,0.29390010834331204,0.5229668027902151
1590.0,Lithuania,5.635,5.7263,0.29390010834331204,-0.31064976639392927
1600.0,Lithuania,5.611,5.7263,0.29390010834331204,-0.3923101650078863
1610.0,Lithuania,5.903,5.7263,0.29390010834331204,0.6012246847952561
1620.0,Lithuania,5.643,5.7263,0.29390010834331204,-0.28342963352261025
1630.0,Lithuania,5.877,5.7263,0.29390010834331204,0.5127592529634701
1640.0,Lithuania,5.772,5.7263,0.29390010834331204,0.15549500902740998
1650.0,Lithuania,5.673,5.7263,0.29390010834331204,-0.1813541352551632
1660.0,Lithuania,5.56,5.7263,0.29390010834331204,-0.5658385120625453
1670.0,Lithuania,5.316,5.7263,0.29390010834331204,-1.3960525646377737
1680.0,Lithuania,5.754,5.7263,0.29390010834331204,0.09424971006693993
1690.0,Lithuania,4.852,5.7263,0.29390010834331204,-2.9748202711742735
1500.0,Luxembourg,8.907,8.6169,0.2797786531114234,1.0368911165086878
1510.0,Luxembourg,8.45,8.6169,0.2797786531114234,-0.5965430104974134
1520.0,Luxembourg,8.891,8.6169,0.2797786531114234,0.9797030507929382
1530.0,Luxembourg,9.128,8.6169,0.2797786531114234,1.8268012742074797
1540.0,Luxembourg,8.717,8.6169,0.2797786531114234,0.35778283613416284
1550.0,Luxembourg,8.922,8.6169,0.2797786531114234,1.0905049281172052
1560.0,Luxembourg,8.491,8.6169,0.2797786531114234,-0.4499985921008037
1570.0,Luxembourg,8.384,8.6169,0.2797786531114234,-0.8324437815748769
1580.0,Luxembourg,8.505,8.6169,0.2797786531114234,-0.39995903459951876
1590.0,Luxembourg,8.402,8.6169,0.2797786531114234,-0.7681072076446624
1600.0,Luxembourg,8.561,8.6169,0.2797786531114234,-0.19980080459439808
1610.0,Luxembourg,8.768,8.6169,0.2797786531114234,0.5400697956031153
1620.0,Luxembourg,8.508,8.6169,0.2797786531114234,-0.38923627227782165
1630.0,Luxembourg,8.864,8.6169,0.2797786531114234,0.8831981898976133
1640.0,Luxembourg,8.589,8.6169,0.2797786531114234,-0.09972168959183457
1650.0,Luxembourg,8.629,8.6169,0.2797786531114234,0.04324847469753645
1660.0,Luxembourg,8.672,8.6169,0.2797786531114234,0.19694140130861726
1670.0,Luxembourg,8.477,8.6169,0.2797786531114234,-0.5000381496020823
1680.0,Luxembourg,8.681,8.6169,0.2797786531114234,0.2291096882737213
1690.0,Luxembourg,7.792,8.6169,0.2797786531114234,-2.948402213057615
1500.0,Macedonia,9.218,9.23485,0.13633714982004225,-0.12359067225800825
1510.0,Macedonia,9.233,9.23485,0.13633714982004225,-0.013569302295384217
1520.0,Macedonia,9.31,9.23485,0.13633714982004225,0.5512070635127307
1530.0,Macedonia,9.379,9.23485,0.13633714982004225,1.0573053653407753
1540.0,Macedonia,9.39,9.23485,0.13633714982004225,1.1379877033133705
1550.0,Macedonia,9.311,9.23485,0.13633714982004225,0.5585418215102347
1560.0,Macedonia,9.163,9.23485,0.13633714982004225,-0.5270023621209456
1570.0,Macedonia,9.167,9.23485,0.13633714982004225,-0.4976633301309169
1580.0,Macedonia,9.306,9.23485,0.13633714982004225,0.521868031522689
1590.0,Macedonia,9.099,9.23485,0.13633714982004225,-0.9964268739614575
1600.0,Macedonia,9.239,9.23485,0.13633714982004225,0.030439245689665394
1610.0,Macedonia,9.316,9.23485,0.13633714982004225,0.5952156114977804
1620.0,Macedonia,9.4,9.23485,0.13633714982004225,1.211335283288449
1630.0,Macedonia,9.061,9.23485,0.13633714982004225,-1.275147677866763
1640.0,Macedonia,9.106,9.23485,0.13633714982004225,-0.9450835679789039
1650.0,Macedonia,9.188,9.23485,0.13633714982004225,-0.3436334121832433
1660.0,Macedonia,9.359,9.23485,0.13633714982004225,0.9106102053906185
1670.0,Macedonia,9.415,9.23485,0.13633714982004225,1.3213566532510599
1680.0,Macedonia,8.879,9.23485,0.13633714982004225,-2.61007363341322
1690.0,Macedonia,9.158,9.23485,0.13633714982004225,-0.5636761521084913
1500.0,Montenegro,7.56,7.54215,0.1519845127151551,0.11744617712104129
1510.0,Montenegro,7.506,7.54215,0.1519845127151551,-0.23785318223674143
1520.0,Montenegro,7.644,7.54215,0.1519845127151551,0.6701340694553797
1530.0,Montenegro,7.757,7.54215,0.1519845127151551,1.413630877000375
1540.0,Montenegro,7.731,7.54215,0.1519845127151551,1.2425608150873677
1550.0,Montenegro,7.674,7.54215,0.1519845127151551,0.8675226024319295
1560.0,Montenegro,7.46,7.54215,0.1519845127151551,-0.5405155994674504
1570.0,Montenegro,7.41,7.54215,0.1519845127151551,-0.8694964877616962
1580.0,Montenegro,7.585,7.54215,0.1519845127151551,0.2819366212681671
1590.0,Montenegro,7.363,7.54215,0.1519845127151551,-1.1787385227582865
1600.0,Montenegro,7.531,7.54215,0.1519845127151551,-0.07336273808962142
1610.0,Montenegro,7.649,7.54215,0.1519845127151551,0.7030321582848037
1620.0,Montenegro,7.682,7.54215,0.1519845127151551,0.9201595445590091
1630.0,Montenegro,7.409,7.54215,0.1519845127151551,-0.8760761055275834
1640.0,Montenegro,7.399,7.54215,0.1519845127151551,-0.9418722831864313
1650.0,Montenegro,7.503,7.54215,0.1519845127151551,-0.25759203553439697
1660.0,Montenegro,7.682,7.54215,0.1519845127151551,0.9201595445590091
1670.0,Montenegro,7.731,7.54215,0.1519845127151551,1.2425608150873677
1680.0,Montenegro,7.214,7.54215,0.1519845127151551,-2.159101569875143
1690.0,Montenegro,7.353,7.54215,0.1519845127151551,-1.2445347004171403
1500.0,Netherlands,9.185,8.9049,0.2845406085161429,0.9843937617927389
1510.0,Netherlands,8.754,8.9049,0.2845406085161429,-0.5303285207230412
1520.0,Netherlands,9.225,8.9049,0.2845406085161429,1.1249712358081212
1530.0,Netherlands,9.407,8.9049,0.2845406085161429,1.7645987425781255
1540.0,Netherlands,8.977,8.9049,0.2845406085161429,0.25339089691273453
1550.0,Netherlands,9.195,8.9049,0.2845406085161429,1.0195381302965845
1560.0,Netherlands,8.779,8.9049,0.2845406085161429,-0.4424675994634241
1570.0,Netherlands,8.732,8.9049,0.2845406085161429,-0.6076461314315039
1580.0,Netherlands,8.831,8.9049,0.2845406085161429,-0.2597168832434246
1590.0,Netherlands,8.733,8.9049,0.2845406085161429,-0.604131694581115
1600.0,Netherlands,8.844,8.9049,0.2845406085161429,-0.21402920418842475
1610.0,Netherlands,9.053,8.9049,0.2845406085161429,0.5204880975419685
1620.0,Netherlands,8.779,8.9049,0.2845406085161429,-0.4424675994634241
1630.0,Netherlands,9.171,8.9049,0.2845406085161429,0.93519164588735
1640.0,Netherlands,8.909,8.9049,0.2845406085161429,0.01440919108658087
1650.0,Netherlands,8.918,8.9049,0.2845406085161429,0.04603912274003752
1660.0,Netherlands,8.902,8.9049,0.2845406085161429,-0.010191866866116653
1670.0,Netherlands,8.664,8.9049,0.2845406085161429,-0.8466278372576577
1680.0,Netherlands,8.992,8.9049,0.2845406085161429,0.30610744966850606
1690.0,Netherlands,8.048,8.9049,0.2845406085161429,-3.0115209370945903
1500.0,Northern Ireland,8.436,8.254,0.18103271004231028,1.0053431778017576
1510.0,Northern Ireland,8.173,8.254,0.18103271004231028,-0.4474329527579215
1520.0,Northern Ireland,8.384,8.254,0.18103271004231028,0.7181022698584011
1530.0,Northern Ireland,8.518,8.254,0.18103271004231028,1.4582999941739814
1540.0,Northern Ireland,8.246,8.254,0.18103271004231028,-0.044190908914358014
1550.0,Northern Ireland,8.422,8.254,0.18103271004231028,0.9280090872016262
1560.0,Northern Ireland,8.222,8.254,0.18103271004231028,-0.17676363565745168
1570.0,Northern Ireland,8.13,8.254,0.18103271004231028,-0.6849590881726179
1580.0,Northern Ireland,8.171,8.254,0.18103271004231028,-0.4584806799865159
1590.0,Northern Ireland,8.189,8.254,0.18103271004231028,-0.35905113492919566
1600.0,Northern Ireland,8.233,8.254,0.18103271004231028,-0.11600113590019714
1610.0,Northern Ireland,8.311,8.254,0.18103271004231028,0.31486022601483765
1620.0,Northern Ireland,8.106,8.254,0.18103271004231028,-0.8175318149157116
1630.0,Northern Ireland,8.499,8.254,0.18103271004231028,1.3533465855023687
1640.0,Northern Ireland,8.29,8.254,0.18103271004231028,0.19885909011463068
1650.0,Northern Ireland,8.294,8.254,0.18103271004231028,0.2209545445718195
1660.0,Northern Ireland,8.232,8.254,0.18103271004231028,-0.12152499951449926
1670.0,Northern Ireland,8.035,8.254,0.18103271004231028,-1.2097261315306806
1680.0,Northern Ireland,8.45,8.254,0.18103271004231028,1.082677268401889
1690.0,Northern Ireland,7.739,8.254,0.18103271004231028,-2.8447897613621085
1500.0,Norway,1.066,0.9291,0.26175699859944423,0.523004163145576
1510.0,Norway,0.885,0.9291,0.26175699859944423,-0.16847687066997744
1520.0,Norway,1.26,0.9291,0.26175699859944423,1.26414958060534
1530.0,Norway,1.235,0.9291,0.26175699859944423,1.1686411505203191
1540.0,Norway,0.905,0.9291,0.26175699859944423,-0.09207012660196043
1550.0,Norway,1.156,0.9291,0.26175699859944423,0.8668345114516516
1560.0,Norway,0.842,0.9291,0.26175699859944423,-0.33275137041621394
1570.0,Norway,0.944,0.9291,0.26175699859944423,0.05692302433067228
1580.0,Norway,1.024,0.9291,0.26175699859944423,0.36255000060274023
1590.0,Norway,0.886,0.9291,0.26175699859944423,-0.16465653346657658
1600.0,Norway,0.814,0.9291,0.26175699859944423,-0.43972081211143776
1610.0,Norway,1.045,0.9291,0.26175699859944423,0.44277708187415765
1620.0,Norway,0.723,0.9291,0.26175699859944423,-0.7873714976209146
1630.0,Norway,1.155,0.9291,0.26175699859944423,0.8630141742482511
1640.0,Norway,0.997,0.9291,0.26175699859944423,0.2594008961109173
1650.0,Norway,0.935,0.9291,0.26175699859944423,0.022539989500065055
1660.0,Norway,0.834,0.9291,0.26175699859944423,-0.36331406804342076
1670.0,Norway,0.527,0.9291,0.26175699859944423,-1.5361575894874804
1680.0,Norway,1.214,0.9291,0.26175699859944423,1.0884140692489008
1690.0,Norway,0.135,0.9291,0.26175699859944423,-3.033729773220612
1500.0,Poland,7.462,7.27635,0.26726830103258054,0.6946203469799764
1510.0,Poland,7.179,7.27635,0.26726830103258054,-0.3642407259816885
1520.0,Poland,7.708,7.27635,0.26726830103258054,1.6150437531586708
1530.0,Poland,7.745,7.27635,0.26726830103258054,1.7534814199416446
1540.0,Poland,7.382,7.27635,0.26726830103258054,0.3952956620438159
1550.0,Poland,7.53,7.27635,0.26726830103258054,0.9490463291757145
1560.0,Poland,7.094,7.27635,0.26726830103258054,-0.6822732037263587
1570.0,Poland,7.249,7.27635,0.26726830103258054,-0.10233162666255056
1580.0,Poland,7.356,7.27635,0.26726830103258054,0.29801513943956454
1590.0,Poland,7.108,7.27635,0.26726830103258054,-0.6298913838625331
1600.0,Poland,7.193,7.27635,0.26726830103258054,-0.31185890611786293
1610.0,Poland,7.455,7.27635,0.26726830103258054,0.6684294370480636
1620.0,Poland,7.248,7.27635,0.26726830103258054,-0.1060731852242505
1630.0,Poland,7.392,7.27635,0.26726830103258054,0.4327112476608384
1640.0,Poland,7.258,7.27635,0.26726830103258054,-0.06865759960723125
1650.0,Poland,7.226,7.27635,0.26726830103258054,-0.18838747358169547
1660.0,Poland,7.208,7.27635,0.26726830103258054,-0.25573552769233077
1670.0,Poland,7.018,7.27635,0.26726830103258054,-0.9666316544157127
1680.0,Poland,7.236,7.27635,0.26726830103258054,-0.15097188796467623
1690.0,Poland,6.48,7.27635,0.26726830103258054,-2.979590160611388
1500.0,Portugal,14.539,14.40485,0.11159667746421748,1.2020967205140498
1510.0,Portugal,14.332,14.40485,0.11159667746421748,-0.652797212742805
1520.0,Portugal,14.439,14.40485,0.11159667746421748,0.30601269478609927
1530.0,Portugal,14.636,14.40485,0.11159667746421748,2.071298225470161
1540.0,Portugal,14.419,14.40485,0.11159667746421748,0.12679588964051236
1550.0,Portugal,14.513,14.40485,0.11159667746421748,0.9691148738247836
1560.0,Portugal,14.379,14.40485,0.11159667746421748,-0.23163772065067736
1570.0,Portugal,14.185,14.40485,0.11159667746421748,-1.970040730562899
1580.0,Portugal,14.294,14.40485,0.11159667746421748,-0.9933091425194297
1590.0,Portugal,14.304,14.40485,0.11159667746421748,-0.9037007399466362
1600.0,Portugal,14.467,14.40485,0.11159667746421748,0.5569162219899305
1610.0,Portugal,14.431,14.40485,0.11159667746421748,0.23432597272785496
1620.0,Portugal,14.367,14.40485,0.11159667746421748,-0.33916780373801997
1630.0,Portugal,14.541,14.40485,0.11159667746421748,1.2200184010286148
1640.0,Portugal,14.34,14.40485,0.11159667746421748,-0.5811104906845767
1650.0,Portugal,14.449,14.40485,0.11159667746421748,0.3956210973588927
1660.0,Portugal,14.463,14.40485,0.11159667746421748,0.5210728609608004
1670.0,Portugal,14.422,14.40485,0.11159667746421748,0.153678410412352
1680.0,Portugal,14.372,14.40485,0.11159667746421748,-0.2943636024516312
1690.0,Portugal,14.205,14.40485,0.11159667746421748,-1.7908239254173122
1500.0,Romania,8.556,8.51725,0.157373466298283,0.24622956405212817
1510.0,Romania,8.497,8.51725,0.157373466298283,-0.12867480444015422
1520.0,Romania,8.704,8.51725,0.157373466298283,1.186667640948044
1530.0,Romania,8.733,8.51725,0.157373466298283,1.370942669528998
1540.0,Romania,8.681,8.51725,0.157373466298283,1.0405184803493464
1550.0,Romania,8.628,8.51725,0.157373466298283,0.7037399798393319
1560.0,Romania,8.404,8.51725,0.157373466298283,-0.7196257581652844
1570.0,Romania,8.507,8.51725,0.157373466298283,-0.06513169113637812
1580.0,Romania,8.611,8.51725,0.157373466298283,0.5957166872229137
1590.0,Romania,8.371,8.51725,0.157373466298283,-0.9293180320677467
1600.0,Romania,8.492,8.51725,0.157373466298283,-0.16044636109203664
1610.0,Romania,8.635,8.51725,0.157373466298283,0.748220159151974
1620.0,Romania,8.679,8.51725,0.157373466298283,1.027809857688598
1630.0,Romania,8.371,8.51725,0.157373466298283,-0.9293180320677467
1640.0,Romania,8.419,8.51725,0.157373466298283,-0.6243110882096146
1650.0,Romania,8.451,8.51725,0.157373466298283,-0.4209731256375266
1660.0,Romania,8.575,8.51725,0.157373466298283,0.3669614793293062
1670.0,Romania,8.628,8.51725,0.157373466298283,0.7037399798393319
1680.0,Romania,8.118,8.51725,0.157373466298283,-2.536958798653317
1690.0,Romania,8.285,8.51725,0.157373466298283,-1.4757888064802347
1500.0,Scotland,6.936,6.74825,0.19421850825132103,0.966694686775421
1510.0,Scotland,6.669,6.74825,0.19421850825132103,-0.4080455601968151
1520.0,Scotland,6.898,6.74825,0.19421850825132103,0.7710387714760005
1530.0,Scotland,7.022,6.74825,0.19421850825132103,1.4094949161372659
1540.0,Scotland,6.734,6.74825,0.19421850825132103,-0.07337096823728037
1550.0,Scotland,6.924,6.74825,0.19421850825132103,0.9049086082598172
1560.0,Scotland,6.71,6.74825,0.19421850825132103,-0.19694312526849256
1570.0,Scotland,6.644,6.74825,0.19421850825132103,-0.5367665571043249
1580.0,Scotland,6.678,6.74825,0.19421850825132103,-0.36170600131010877
1590.0,Scotland,6.687,6.74825,0.19421850825132103,-0.3153664424234025
1600.0,Scotland,6.713,6.74825,0.19421850825132103,-0.18149660563959047
1610.0,Scotland,6.809,6.74825,0.19421850825132103,0.3127920224852583
1620.0,Scotland,6.585,6.74825,0.19421850825132103,-0.8405481098060554
1630.0,Scotland,7.005,6.74825,0.19421850825132103,1.3219646382401555
1640.0,Scotland,6.797,6.74825,0.19421850825132103,0.25100594396964987
1650.0,Scotland,6.785,6.74825,0.19421850825132103,0.1892198654540461
1660.0,Scotland,6.716,6.74825,0.19421850825132103,-0.16605008601068838
1670.0,Scotland,6.499,6.74825,0.19421850825132103,-1.2833483391679001
1680.0,Scotland,6.966,6.74825,0.19421850825132103,1.1211598830644374
1690.0,Scotland,6.188,6.74825,0.19421850825132103,-2.8846375406973563
1500.0,Slovakia,6.85,6.7121,0.21387180124649682,0.644778784282381
1510.0,Slovakia,6.62,6.7121,0.21387180124649682,-0.43063180589128214
1520.0,Slovakia,7.001,6.7121,0.21387180124649682,1.3508092152224862
1530.0,Slovakia,7.127,6.7121,0.21387180124649682,1.9399471907089265
1540.0,Slovakia,6.888,6.7121,0.21387180124649682,0.8224553165719444
1550.0,Slovakia,6.942,6.7121,0.21387180124649682,1.0749430203518495
1560.0,Slovakia,6.563,6.7121,0.21387180124649682,-0.697146604325627
1570.0,Slovakia,6.613,6.7121,0.21387180124649682,-0.4633616934183052
1580.0,Slovakia,6.752,6.7121,0.21387180124649682,0.1865603589040373
1590.0,Slovakia,6.513,6.7121,0.21387180124649682,-0.9309315152329448
1600.0,Slovakia,6.644,6.7121,0.21387180124649682,-0.31841504865576914
1610.0,Slovakia,6.868,6.7121,0.21387180124649682,0.7289413522090189
1620.0,Slovakia,6.762,6.7121,0.21387180124649682,0.2333173410855
1630.0,Slovakia,6.729,6.7121,0.21387180124649682,0.07901929988667224
1640.0,Slovakia,6.637,6.7121,0.21387180124649682,-0.35114493618279635
1650.0,Slovakia,6.664,6.7121,0.21387180124649682,-0.2249010842928437
1660.0,Slovakia,6.767,6.7121,0.21387180124649682,0.25669583217623554
1670.0,Slovakia,6.657,6.7121,0.21387180124649682,-0.25763097181986677
1680.0,Slovakia,6.522,6.7121,0.21387180124649682,-0.8888502312696258
1690.0,Slovakia,6.123,6.7121,0.21387180124649682,-2.754453820310028
1500.0,Slovenia,8.058,7.91795,0.20427006762204736,0.6856119529912156
1510.0,Slovenia,7.815,7.91795,0.20427006762204736,-0.5039896505565568
1520.0,Slovenia,8.13,7.91795,0.20427006762204736,1.038086502190561
1530.0,Slovenia,8.325,7.91795,0.20427006762204736,1.9927050729387683
1540.0,Slovenia,8.105,7.91795,0.20427006762204736,0.9156995059407882
1550.0,Slovenia,8.147,7.91795,0.20427006762204736,1.1213096596404029
1560.0,Slovenia,7.8,7.91795,0.20427006762204736,-0.5774218483064223
1570.0,Slovenia,7.725,7.91795,0.20427006762204736,-0.9445828370557364
1580.0,Slovenia,7.897,7.91795,0.20427006762204736,-0.1025603028573083
1590.0,Slovenia,7.702,7.91795,0.20427006762204736,-1.0571788736055243
1600.0,Slovenia,7.89,7.91795,0.20427006762204736,-0.13682866180724695
1610.0,Slovenia,8.053,7.91795,0.20427006762204736,0.6611345537412663
1620.0,Slovenia,7.962,7.91795,0.20427006762204736,0.21564588739209414
1630.0,Slovenia,7.966,7.91795,0.20427006762204736,0.2352278067920597
1640.0,Slovenia,7.809,7.91795,0.20427006762204736,-0.533362529656503
1650.0,Slovenia,7.895,7.91795,0.20427006762204736,-0.11235126255729326
1660.0,Slovenia,8.014,7.91795,0.20427006762204736,0.4702108395916161
1670.0,Slovenia,7.933,7.91795,0.20427006762204736,0.07367697174236007
1680.0,Slovenia,7.759,7.91795,0.20427006762204736,-0.7781365221560443
1690.0,Slovenia,7.374,7.91795,0.20427006762204736,-2.6628962644025225
1500.0,Spain,12.763,12.61595,0.14224866107962966,1.0337531396354072
1510.0,Spain,12.518,12.61595,0.14224866107962966,-0.6885829311614221
1520.0,Spain,12.65,12.61595,0.14224866107962966,0.23936956412503357
1530.0,Spain,12.898,12.61595,0.14224866107962966,1.9827954643601924
1540.0,Spain,12.666,12.61595,0.14224866107962966,0.3518486544627861
1550.0,Spain,12.776,12.61595,0.14224866107962966,1.1251424005348305
1560.0,Spain,12.585,12.61595,0.14224866107962966,-0.21757674037208238
1570.0,Spain,12.342,12.61595,0.14224866107962966,-1.9258529248767005
1580.0,Spain,12.486,12.61595,0.14224866107962966,-0.9135411118369272
1590.0,Spain,12.482,12.61595,0.14224866107962966,-0.9416608844213747
1600.0,Spain,12.654,12.61595,0.14224866107962966,0.2674893367094686
1610.0,Spain,12.662,12.61595,0.14224866107962966,0.32372888187835114
1620.0,Spain,12.562,12.61595,0.14224866107962966,-0.3792654327326119
1630.0,Spain,12.764,12.61595,0.14224866107962966,1.040783082781513
1640.0,Spain,12.54,12.61595,0.14224866107962966,-0.5339241819470232
1650.0,Spain,12.664,12.61595,0.14224866107962966,0.3377887681705624
1660.0,Spain,12.743,12.61595,0.14224866107962966,0.8931542767132197
1670.0,Spain,12.642,12.61595,0.14224866107962966,0.18313001895615102
1680.0,Spain,12.588,12.61595,0.14224866107962966,-0.19648691093376547
1690.0,Spain,12.334,12.61595,0.14224866107962966,-1.982092470045583
1500.0,Sweden,1.431,1.26325,0.3218014875174151,0.5212841037315648
1510.0,Sweden,1.212,1.26325,0.3218014875174151,-0.15925967401634988
1520.0,Sweden,1.688,1.26325,0.3218014875174151,1.3199131031891627
1530.0,Sweden,1.622,1.26325,0.3218014875174151,1.1148177181144492
1540.0,Sweden,1.217,1.26325,0.3218014875174151,-0.1437221448440227
1550.0,Sweden,1.551,1.26325,0.3218014875174151,0.894184803867408
1560.0,Sweden,1.15,1.26325,0.3218014875174151,-0.35192503575320255
1570.0,Sweden,1.309,1.26325,0.3218014875174151,0.1421683919267902
1580.0,Sweden,1.399,1.26325,0.3218014875174151,0.4218439170286731
1590.0,Sweden,1.216,1.26325,0.3218014875174151,-0.14682965067848844
1600.0,Sweden,1.097,1.26325,0.3218014875174151,-0.5166228449798665
1610.0,Sweden,1.416,1.26325,0.3218014875174151,0.474671516214584
1620.0,Sweden,0.99,1.26325,0.3218014875174151,-0.8491259692676603
1630.0,Sweden,1.536,1.26325,0.3218014875174151,0.8475722163504278
1640.0,Sweden,1.363,1.26325,0.3218014875174151,0.30997370698791993
1650.0,Sweden,1.267,1.26325,0.3218014875174151,0.01165314687924486
1660.0,Sweden,1.143,1.26325,0.3218014875174151,-0.37367757659445977
1670.0,Sweden,0.771,1.26325,0.3218014875174151,-1.5296697470155747
1680.0,Sweden,1.59,1.26325,0.3218014875174151,1.0153775314115576
1690.0,Sweden,0.297,1.26325,0.3218014875174151,-3.0026275125521567
1500.0,Switzerland,4.426,4.2289,0.2339912054127811,0.8423393505422483
1510.0,Switzerland,4.087,4.2289,0.2339912054127811,-0.6064330484116978
1520.0,Switzerland,4.4,4.2289,0.2339912054127811,0.7312240633068433
1530.0,Switzerland,4.673,4.2289,0.2339912054127811,1.8979345792786024
1540.0,Switzerland,4.379,4.2289,0.2339912054127811,0.6414771005397815
1550.0,Switzerland,4.518,4.2289,0.2339912054127811,1.2355165207598362
1560.0,Switzerland,4.131,4.2289,0.2339912054127811,-0.41839179309023977
1570.0,Switzerland,3.931,4.2289,0.2339912054127811,-1.273124771824131
1580.0,Switzerland,4.127,4.2289,0.2339912054127811,-0.4354864526649195
1590.0,Switzerland,4.009,4.2289,0.2339912054127811,-0.9397789101179124
1600.0,Switzerland,4.2,4.2289,0.2339912054127811,-0.1235089154270478
1610.0,Switzerland,4.352,4.2289,0.2339912054127811,0.5260881484107095
1620.0,Switzerland,4.174,4.2289,0.2339912054127811,-0.23462420266245268
1630.0,Switzerland,4.391,4.2289,0.2339912054127811,0.6927610792638168
1640.0,Switzerland,4.128,4.2289,0.2339912054127811,-0.4312127877712486
1650.0,Switzerland,4.238,4.2289,0.2339912054127811,0.038890350532392474
1660.0,Switzerland,4.375,4.2289,0.2339912054127811,0.6243824409651055
1670.0,Switzerland,4.2,4.2289,0.2339912054127811,-0.1235089154270478
1680.0,Switzerland,4.253,4.2289,0.2339912054127811,0.10299532393743288
1690.0,Switzerland,3.586,4.2289,0.2339912054127811,-2.7475391601400925
1500.0,Turkey,11.473,11.4775,0.17787295880398496,-0.025298955109626133
1510.0,Turkey,11.547,11.4775,0.17787295880398496,0.3907283066932623
1520.0,Turkey,11.384,11.4775,0.17787295880398496,-0.5256560672779683
1530.0,Turkey,11.424,11.4775,0.17787295880398496,-0.30077646630343835
1540.0,Turkey,11.546,11.4775,0.17787295880398496,0.38510631666889206
1550.0,Turkey,11.439,11.4775,0.17787295880398496,-0.21644661593798462
1560.0,Turkey,11.477,11.4775,0.17787295880398496,-0.0028109950121751335
1570.0,Turkey,11.534,11.4775,0.17787295880398496,0.3176424363765391
1580.0,Turkey,11.536,11.4775,0.17787295880398496,0.32888641642525956
1590.0,Turkey,11.441,11.4775,0.17787295880398496,-0.2052026358892541
1600.0,Turkey,11.516,11.4775,0.17787295880398496,0.2164466159379946
1610.0,Turkey,11.497,11.4775,0.17787295880398496,0.10962880547508985
1620.0,Turkey,11.693,11.4775,0.17787295880398496,1.2115388502503088
1630.0,Turkey,11.237,11.4775,0.17787295880398496,-1.352088600859385
1640.0,Turkey,11.42,11.4775,0.17787295880398496,-0.32326442640088937
1650.0,Turkey,11.45,11.4775,0.17787295880398496,-0.15460472566999187
1660.0,Turkey,11.546,11.4775,0.17787295880398496,0.38510631666889206
1670.0,Turkey,11.758,11.4775,0.17787295880398496,1.576968201833925
1680.0,Turkey,10.913,11.4775,0.17787295880398496,-3.1736133687531156
1690.0,Turkey,11.719,11.4775,0.17787295880398496,1.3577105908837552
1500.0,Wales,8.727,8.504999999999999,0.2081067539812958,1.0667601879944473
1510.0,Wales,8.404,8.504999999999999,0.2081067539812958,-0.48532783327674583
1520.0,Wales,8.686,8.504999999999999,0.2081067539812958,0.8697459190405172
1530.0,Wales,8.836,8.504999999999999,0.2081067539812958,1.5905298298475736
1540.0,Wales,8.514,8.504999999999999,0.2081067539812958,0.04324703464842492
1550.0,Wales,8.7,8.504999999999999,0.2081067539812958,0.9370190840491726
1560.0,Wales,8.45,8.504999999999999,0.2081067539812958,-0.26428743396258536
1570.0,Wales,8.372,8.504999999999999,0.2081067539812958,-0.639095067582251
1580.0,Wales,8.416,8.504999999999999,0.2081067539812958,-0.42766512041217924
1590.0,Wales,8.421,8.504999999999999,0.2081067539812958,-0.40363899005194886
1600.0,Wales,8.486,8.504999999999999,0.2081067539812958,-0.09129929536888569
1610.0,Wales,8.583,8.504999999999999,0.2081067539812958,0.3748076336196741
1620.0,Wales,8.373,8.504999999999999,0.2081067539812958,-0.6342898415102066
1630.0,Wales,8.761,8.504999999999999,0.2081067539812958,1.2301378744440412
1640.0,Wales,8.536,8.504999999999999,0.2081067539812958,0.14896200823346079
1650.0,Wales,8.54,8.504999999999999,0.2081067539812958,0.1681829125216468
1660.0,Wales,8.481,8.504999999999999,0.2081067539812958,-0.11532542572912459
1670.0,Wales,8.283,8.504999999999999,0.2081067539812958,-1.0667601879944388
1680.0,Wales,8.647,8.504999999999999,0.2081067539812958,0.6823421022306845
1690.0,Wales,7.884,8.504999999999999,0.2081067539812958,-2.9840453907412003
