year,Antwerp,Amsterdam,London,Oxford,Paris,Strasbourg,Florence,Milan,Naples,Valencia,Madrid,Augsburg,Leipzig,Munich,Vienna,Gdansk,Krakow,Warsaw,Lwow,Hamburg
1260,,,,,,,,,,,,,,,,,,,,
1261,,,,,,,,,,,,,,,,,,,,
1262,,,,,,,,,,,,,,,,,,,,
1263,,,,,,,,,,,,,,,,,,,,
1264,,,9.665435494,7.249076621,,,,,,,,,,,,,,,,
1265,,,8.857513838,6.643135378,,,,,,,,,,,,,,,,
1266,,,8.83548363,6.626612723,,,,,,,,,,,,,,,,
1267,,,9.032232003,6.774174002,,,,,,,,,,,,,,,,
1268,,,7.854925789,5.891194342,,,,,,,,,,,,,,,,
1269,,,8.178221333,6.133666,,,,,,,,,,,,,,,,
1270,,,7.667081595,5.750311196,,,,,,,,,,,,,,,,
1271,,,7.516634158,5.637475619,,,,,,,,,,,,,,,,
1272,,,8.015653637,6.011740228,,,,,,,,,,,,,,,,
1273,,,7.996397165,5.997297874,,,,,,,,,,,,,,,,
1274,,,7.414113752,5.560585314,,,,,,,,,,,,,,,,
1275,,,8.438860763,6.329145572,,,,,,,,,,,,,,,,
1276,,,7.73876524,5.80407393,,,,,,,,,,,,,,,,
1277,,,8.010022164,6.007516623,,,,,,,,,,,,,,,,
1278,,,8.464319324,6.348239493,,,,,,,,,,,,,,,,
1279,,,7.953910635,5.965432976,,,,,,,,,,,,,,,,
1280,,,8.155105093,6.11632882,,,,,,,,,,,,,,,,
1281,,,7.68529964,5.76397473,,,,,,,,,,,,,,,,
1282,,,7.543095118,5.657321338,,,,,,,,,,,,,,,,
1283,,,7.315633465,5.486725098,,,,,,,,,,,,,,,,
1284,,,8.240518609,6.180388957,,,,,,,,,,,,,,,,
1285,,,8.329589147,6.24719186,,,,,,,,,,,,,,,,
1286,,,8.456001628,6.342001221,,,,,,,,,,,,,,,,
1287,,,10.07040452,7.552803387,,,,,,,,,,,,,,,,
1288,,,9.48137383,7.111030372,,,,,,,,,,,,,,,,
1289,,,8.980954753,6.735716065,,,,,,,,,,,,,,,,
1290,,,7.097308326,5.322981245,,,,,,,,,,,,,,,,
1291,,,7.797381403,5.848036052,,,,,,,,,,,,,,,,
1292,,,7.708253182,5.781189886,,,,,,,,,,,,,,,,
1293,,,6.694370765,5.020778074,,,,,,,,,,,,,,,,
1294,,,6.24969323,4.687269923,,,,,,,,,,,,,,,,
1295,,,7.166662864,5.374997148,,,,,,,,,,,,,,,,
1296,,,8.246387932,6.184790949,,,,,,,,,,,,,,,,
1297,,,7.667723102,5.750792327,,,,,,,,,,,,,,,,
1298,,,7.792314189,5.844235642,,,,,,,,,,,,,,,,
1299,,,7.297292624,5.472969468,,,,,,,,,,,,,,,,
1300,,,7.921931586,5.941448689,,,,,,,,,,,,,,,,
1301,,,8.776110804,6.582083103,,,,,,,,,,,,,,,,
1302,,,8.557790603,6.418342953,,,,,,,,,,,,,,,,
1303,,,9.047676256,6.785757192,,,,,,,,,,,,,,,,
1304,,,8.228621555,6.171466166,,,,,,,,,,,,,,,,
1305,,,8.892736744,6.669552558,,,,,,,,,,,,,,,,
1306,,,9.558055131,7.168541348,,,,,,,,,,,,,,,,
1307,,,9.017131199,6.762848399,,,,,,,,,,,,,,,,
1308,,,7.802343933,5.85175795,,,,,,,,,,,,,,,,
1309,,,7.438742559,5.57905692,,,,,,,,,,,,,,,,
1310,,,7.918360618,5.938770463,,,,,,,,,,,,,,,,
1311,,,9.53148062,7.148610465,,,,,,,,,,,,,,,,
1312,,,9.65130128,7.23847596,,,,,,,,,,,,,,,,
1313,,,9.301498327,6.976123745,,,,,,,,,,,,,,,,
1314,,,8.001061563,6.000796172,,,,,,,,,,,,,,,,
1315,,,5.666348659,4.249761494,,,,,,,,,,,,,,,,
1316,,,5.655647764,4.241735823,,,,,,,,,,,,,,,,
1317,,,7.85937085,5.894528137,,,,,,,,,,,,,,,,
1318,,,9.600770694,7.200578021,,,,,,,,,,,,,,,,
1319,,,9.992692709,7.494519532,,,,,,,,,,,,,,,,
1320,,,9.054588321,6.790941241,,,,,,,,,,,,,,,,
1321,,,6.823691602,5.117768702,,,,,,,,,,,,,,,,
1322,,,7.373530274,5.530147705,,,,,,,,,,,,,,,,
1323,,,8.50583355,6.379375162,,,,,,,,,,,,,,,,
1324,,,8.730081007,6.547560755,,,,,,,,,,,,,,,,
1325,,,9.485904362,7.114428272,,,,,,,,,,,,,,,,
1326,,,10.91160403,8.183703026,,,9.83402977,9.83402977,,,,,,,,,,,,
1327,,,10.91803606,8.188527045,,,8.995401577,8.995401577,,,,,,,,,,,,
1328,,,9.319430264,6.989572698,,,8.077231085,8.077231085,,,,,,,,,,,,
1329,,,9.141456172,6.856092129,,,6.096411871,6.096411871,,,,,,,,,,,,
1330,,,8.143402188,6.107551641,,,6.393549439,6.393549439,,,,,,,,,,,,
1331,,,8.571220574,6.428415431,,,8.699805128,8.699805128,,,,,,,,,,,,
1332,,,10.27693078,7.707698088,,,9.634651674,9.634651674,,,,,,,,,,,,
1333,,,10.5671429,7.925357175,,,6.997169329,6.997169329,,,,,,,,,,,,
1334,,,10.58558187,7.939186399,,,6.62071145,6.62071145,,,,,,,,,,,,
1335,,,9.763657603,7.322743202,,,6.633668026,6.633668026,,,,,,,,,,,,
1336,,,10.1588454,7.619134049,,,6.70008036,6.70008036,,,,,,,,,,,,
1337,,,11.44681842,8.585113811,,,6.706778333,6.706778333,,,,,,,,,,,,
1338,,,10.89272258,8.169541935,,,6.742536056,6.742536056,,,,,,,,,,,,
1339,,,9.362044179,7.021533134,,,6.564122112,6.564122112,,,,,,,,,,,,
1340,,,10.76295145,8.072213585,,,5.634348343,5.634348343,,,,,,,,,,,,
1341,,,9.3489752,7.0117314,,,5.577242719,5.577242719,,,,,,,,,,,,
1342,,,9.183442468,6.887581851,,,5.769113329,5.769113329,,,,,,,,,,,,
1343,,,8.223012029,6.167259022,,,5.552413599,5.552413599,,,,,,,,,,,,
1344,,,8.947264609,6.710448456,,,5.434938602,5.434938602,,,,,,,,,,,,
1345,,,8.701999272,6.526499454,,,5.454455626,5.454455626,,,,,,,,,,,,
1346,,,7.213628663,5.410221497,,,5.425780871,5.425780871,,,,,,,,,,,,
1347,,,7.061821817,5.296366362,,,5.01251965,5.01251965,,,,,,,,,,,,
1348,,,8.39738742,6.298040565,,,5.173361412,5.173361412,,,,,,,,,,,,
1349,,,7.61294899,5.709711743,,,9.435843871,9.435843871,,,,,,,,,,,,
1350,,,6.325529519,4.744147139,,,11.76554822,11.76554822,,,,,,,,,,,,
1351,,,7.135884171,5.351913128,,,10.92238551,10.92238551,,,,,,,,,,,,
1352,,,7.88001206,5.910009045,,,10.86143905,10.86143905,,,,,,,,,,,,
1353,,,9.715387804,7.286540853,,,9.829308424,9.829308424,,,,,,,,,,,,
1354,,,9.283692179,6.962769134,,,10.05670737,10.05670737,,,,,,,,,,,,
1355,,,9.054509798,6.790882348,,,10.43754092,10.43754092,,,,,,,,,,,,
1356,,,8.545006089,6.408754567,,,10.50198438,10.50198438,,,,,,,,,,,,
1357,,,8.750101349,6.562576012,,,10.78420592,10.78420592,,,,,,,,,,,,
1358,,,9.39509482,7.046321115,,,11.09345201,11.09345201,,,,,,,,,,,,
1359,,,8.597654051,6.448240538,,,11.29667699,11.29667699,,,,,,,,,,,,
1360,,,8.435344044,6.326508033,,,10.78033554,10.78033554,,,,,,,,,,,,
1361,,,10.47910648,7.85932986,,,12.31196301,12.31196301,,,,,,,,,,,,
1362,,,9.790803991,7.343102993,,,12.96119519,12.96119519,,,,,,,,,,,,
1363,,,9.850452631,7.387839473,,,12.54067458,12.54067458,,,,,,,,,,,,
1364,,,10.19087969,7.643159764,,,12.18993505,12.18993505,,,,,,,,,,,,
1365,,,11.28753549,8.465651614,,,12.88130413,12.88130413,,,,,,,,,,,,
1366,,,10.53988515,7.904913865,,,12.61875051,12.61875051,,,,,,,,,,,,
1367,,,9.921651791,7.441238844,,,10.1778359,10.1778359,,,,,,,,,,,,
1368,,,10.30510529,7.728828966,,,8.942281485,8.942281485,,,,,,,,,,,,
1369,,,7.825072524,5.868804393,,,9.294490305,9.294490305,,,,,,,,,,,,
1370,,,8.789119939,6.591839954,,,7.479909192,7.479909192,,,,,,,,,,,,
1371,,,10.09533639,7.571502293,,,7.98440916,7.98440916,,,,,,,,,,,,
1372,,,10.03124286,7.523432142,,,10.6642427,,,,,,,,,,,,,
1373,,,10.8257293,8.119296974,,,11.49624549,,,,,,,,,,,,,
1374,,,9.993274334,7.494955751,,,6.602594496,,,,,,,,,,,,,
1375,,,10.18619586,7.639646896,,,4.94184611,,,,,,,,,,,,,
1376,,,11.5224434,8.641832547,,,9.030382453,,,,,,,,,,,,,
1377,,,12.80948446,9.607113349,,,10.29182431,,,,,,,,,,,,,
1378,,,12.83330367,9.624977752,,,10.13118166,,,,,,,,,,,,,
1379,,,11.21536249,8.41152187,,,11.52452638,,,,,,,,,,,,,
1380,,,10.94633292,8.209749689,,,12.52854356,,,,,,,,,,,,,
1381,,,11.15997819,8.369983642,,,9.061542552,,,,,,,,,,,,,
1382,,,11.00410716,8.253080367,,,9.349001684,,,,,,,,,,,,,
1383,,,11.03943564,8.279576731,,,8.166096454,,,,,,,,,,,,,
1384,,,10.82269498,8.117021238,,,7.691740907,,,,,,,,,,,,,
1385,,,11.043845,8.282883747,,,7.531607769,,,,,,,,,,,,,
1386,,,12.1140456,9.085534198,,,7.308098159,,,,,,,,,,,,,
1387,,,12.83935624,9.629517179,,,10.40407628,,,,,,,,,,,,,
1388,,,13.20523666,9.903927493,,,8.052773863,,,,,,,,,,,,,
1389,,,11.57793241,8.683449311,,,5.680312956,,,,,,,,,,,,,
1390,,,9.981989504,7.486492128,,,7.046966626,,,,,,,,,,,,,
1391,,,11.4788773,8.609157972,,,7.199297327,,,,,,,,,,,,,
1392,,,12.70965809,9.532243567,,,8.260823075,,,,,,,,,,,,,
1393,,,12.20456548,9.153424113,,,9.228182879,,,,,,,,,,,,,
1394,,,12.80692816,9.605196117,,,12.77579758,,,,,,,,,,,,,
1395,,,11.81493851,8.861203884,,9.185504773,10.14503041,,,,,,,,,,,,,
1396,,,10.89720621,8.17290466,,9.300574766,9.95446594,,,,,,,,,,,,,
1397,,,11.14011305,8.355084788,,9.477773656,7.869414632,,,,,,,,,,,,,
1398,,,11.53235183,8.649263874,,9.480483466,9.064708047,,,,,,,,,,,,,
1399,13.53095511,,11.52201393,8.641510444,,9.67891985,8.57008143,,,,,,,,,,,,,
1400,13.52919133,,10.13322032,7.599915244,,9.492924418,11.57998169,,,,,,,,,,,,,
1401,13.74035713,,10.36329364,7.772470234,,9.49599398,9.642951531,,,,,,,,,,,,,
1402,14.28183497,,10.70868345,8.031512588,,9.953488616,9.886487462,,,,,,,,,,,,,
1403,14.38292922,,13.19704068,9.897780511,,9.721775075,11.06934559,,,,,,,,,,,,,
1404,14.80847099,,13.10140565,9.826054238,,9.507483481,11.27875745,,,,,,,,,,,,,
1405,16.56160942,,13.89615672,10.42211754,,9.966112595,9.56559269,,,,,,,,,,,,,
1406,15.66594536,,12.92806413,9.6960481,,10.07462608,9.886487462,,,,,,,,,,,,,
1407,15.20418965,,12.5400865,9.405064875,,10.20312526,10.69254485,,,,,,,,,,,,,
1408,13.87333794,,10.84821303,8.136159774,,9.984368127,8.542204467,,,,,,,,,,,,,
1409,13.86794789,,10.50439743,7.878298071,,10.13596172,8.697986288,,,,,,,,,,11.19321333,,,
1410,14.2531861,,12.37201812,9.279013592,,10.26084364,9.990027135,,,,,,,,,,11.32946071,,,
1411,13.82086005,,12.77957633,9.584682246,,10.35231208,8.982487081,,,,,,,,,,9.712078775,,,
1412,11.03395964,,11.79952484,8.849643633,,10.35359434,11.08621431,,,,,,,,,,10.52462213,,,
1413,10.89235429,,12.99026515,9.742698864,,10.33125875,14.49892755,,,8.728236876,,,,,,,11.29485094,,,
1414,10.67999175,,12.88492071,9.663690534,,10.31592929,11.67019289,,,9.954658689,,,,,,,11.07709492,,,
1415,10.33697336,,12.05774269,9.043307016,,10.17788054,10.71656993,,,10.31325343,,,,,,,11.29787725,,,
1416,10.2521893,,11.39665643,8.54749232,,10.24642866,8.131734957,,,10.42304797,,,,,,,11.29787725,,,
1417,11.6855017,,12.93664751,9.70248563,,9.62392892,9.016448844,,,10.97813945,,,,,,,11.29787725,,,
1418,11.74115582,,12.428362,9.321271497,,10.41731964,10.81826809,,,10.59314639,,,,,,,11.29219681,,,
1419,12.57240262,,13.48321385,10.11241039,,10.74764943,9.140583221,,,10.54569204,,,,,,,11.66952557,,,
1420,11.90224621,,13.1370395,9.852779629,,10.46029406,6.631824051,,,10.09597462,,,,,,,10.62076158,,,
1421,11.68496654,,13.33867395,10.00400546,,9.000113666,8.120923886,,,9.312056329,,,,,,,10.26410031,,,
1422,11.56583049,,13.66161717,10.24621288,,9.169145935,12.1329235,,,9.582115967,,,,,,,10.26733418,,,
1423,11.59774191,,13.85318751,10.38989064,,9.098335993,10.79914196,,,10.22137482,,,,,,,10.2705701,,,
1424,11.52214149,,12.79481541,9.596111558,,9.172497665,14.17015235,,,10.37063565,,,,,,,10.27380805,,,
1425,11.65197543,,13.904631,10.42847325,,9.139196194,12.39202153,,,9.835349138,,,,,,,10.27704804,,,
1426,11.34418578,,14.24527601,10.68395701,,9.149099562,11.81473693,,,9.439388902,,,,,,,9.214741035,,,
1427,11.23797989,,14.00935056,10.50701292,,10.76643277,12.47505082,,,9.123654364,,,,10.58391632,,,10.70381659,,,
1428,11.11693369,,10.81065614,8.107992101,,10.36746183,14.97075851,,,9.972571447,,,,9.683637011,,,10.37330091,,,
1429,12.08682828,,10.90425803,8.178193519,,8.933632943,15.61702399,,,10.76555357,,,,9.683637011,,,10.54881903,,,
1430,9.301648799,,12.12920121,9.096900906,,9.173112342,13.20681739,,,9.392879665,,,,9.683637011,,,10.50336865,,,
1431,10.32162221,,12.75259621,9.564447156,7.102634683,9.48706794,8.588349934,,,9.615772679,,,,9.683637011,,,9.718798196,,,
1432,11.25166149,,11.46766031,8.600745232,7.670508287,9.782443922,7.627971778,,,8.957041779,,,,9.608660782,,,9.80618757,,,
1433,10.63707183,,12.12213887,9.091604151,4.996353148,9.715266571,11.51335256,,,9.505235442,,,,8.604875373,,,9.743998028,,,
1434,13.47485785,,12.5480211,9.411015828,8.105381626,9.716552741,11.99298744,,,9.970140461,,,,9.879619352,,,9.598785616,,,
1435,12.49481138,,12.64132139,9.480991041,8.7493552,9.617603119,10.59751214,,,8.432448593,,,,11.20367503,,,9.601837131,,,
1436,11.70160268,,12.50728084,9.380460629,10.63796974,9.610728182,8.05188989,,,8.964377949,,,,10.05022932,,,9.604890586,,,
1437,8.600529405,,10.67370081,8.005275608,5.802191019,9.868845195,10.23773152,,,9.316041453,,,,9.922039062,,,9.463764722,,,
1438,9.419163043,,8.777003447,6.582752585,4.697355832,9.251993305,11.35934424,,,9.227466292,,,,10.04667472,,,9.466730979,,,
1439,11.26621225,,11.02465167,8.268488756,5.668682794,8.655928568,8.511715329,,,8.854244133,,,,9.289831029,,,9.469699096,,,
1440,11.34501536,,13.28409458,9.963070932,9.803949862,7.418565654,7.644692673,,,9.201096267,,,,9.131005959,14.42863165,,9.332489667,,,
1441,10.89790409,,13.24549851,9.934123885,11.11595317,9.380597855,6.938326706,,,9.945346503,,,,9.305730517,13.41683677,,9.33537419,,,
1442,11.29124695,,12.96423967,9.723179749,9.676110807,9.374142445,6.72882568,,,9.055674733,,,,9.305730517,13.45461707,,9.126539914,,,
1443,14.37804255,,13.06127401,9.795955508,8.087648158,11.45874874,13.41588695,,,9.506700705,,,,9.326572642,12.97121411,,9.020480652,,,
1444,14.85829235,,13.74034144,10.30525608,8.949211089,9.375857468,11.20898151,,,9.743101962,,,,9.326572642,13.28841487,,9.023175498,,,
1445,13.12313826,,11.7464592,8.809844398,12.3339371,9.558694255,13.25025147,,,9.424262308,,,,9.33311167,13.25367664,,9.025871954,,,
1446,12.75109889,,12.64882767,9.486620752,11.703994,9.559939301,14.36789524,,,9.057899345,,,,9.364828673,13.21984747,,9.028570023,,,
1447,14.86214654,,12.71263484,9.534476131,10.45432771,10.65501597,11.09984188,,,9.583613972,,,,9.364828673,13.2705337,,9.031269705,,,
1448,15.07602167,,12.72546811,9.54410108,11.4355893,8.573037216,10.60784419,,,10.53015277,,,,9.364828673,14.18499761,,9.033971002,,,
1449,14.95263245,,13.05912263,9.794341972,12.12883035,11.45062676,11.1234034,,,8.805874,,,,9.364828673,14.24179131,,9.036673915,,,
1450,15.68917606,,11.89853634,8.923902252,11.90350993,11.1123282,11.81473693,,,9.948127095,,,,8.908638752,14.81530105,,9.039378446,,,
1451,16.07325489,,12.36201782,9.271513366,11.64148345,11.11444237,10.71706737,,,10.10822556,,,,8.853216132,14.82687992,,9.042084597,,,
1452,14.60360067,,12.87457904,9.65593428,11.02214558,11.65639822,9.993874702,,,9.835464432,,,,8.24718302,14.01593669,,9.044792368,,,
1453,14.91512521,,12.97956763,9.734675723,12.80115498,11.40332029,9.969146066,,,10.02379718,,,,7.722444323,14.3068322,,9.047501762,,,
1454,14.88135774,,13.82206227,10.3665467,11.34716302,11.4049844,10.69254485,,,10.57911931,,,,9.246474213,13.47776844,,9.050212779,,,
1455,12.9453588,,13.18255337,9.886915029,9.683138981,8.926942699,9.957337609,,,10.62253022,,,,8.493069631,13.20670779,,9.052925422,,,
1456,11.41092477,,13.26277381,9.947080356,8.511175613,8.92824581,7.239502445,,,9.448892173,,,,8.291817894,13.08606602,,9.055639691,,,
1457,12.92377089,,12.65679693,9.4925977,9.121195891,8.929549302,7.689461582,,,9.530613325,,,,8.471673167,12.55969748,,9.058355588,,,
1458,14.85008355,,12.92867355,9.69650516,10.07334367,8.648506888,10.61242399,,,10.34413442,,,,8.8795282,10.83704548,,9.061073115,,,
1459,12.74066698,,13.14361943,9.857714573,9.370630383,8.545612271,14.19682578,,,9.94651233,,,,9.035668293,10.93517589,,9.063792273,,,
1460,13.85056665,,11.94572587,8.959294405,9.518809782,8.640250976,15.16111294,,,10.10762569,,,,8.530494827,11.13268523,,9.091677931,,,
1461,15.15985581,,11.74476169,8.808571268,9.813735114,11.51606601,15.20946032,,,10.48322084,,,,8.998592341,11.29703745,,9.066769969,,,
1462,17.10937348,,14.08799638,10.56599728,10.08036897,11.1705593,14.68570751,,,9.73201562,,,,9.778890529,11.26436407,,9.090380071,,,
1463,18.02277285,,14.16331298,10.62248473,9.539023356,9.209716682,10.74960222,,,9.540337035,,,,9.777782518,11.20275901,,9.088893693,,,
1464,16.24481099,,13.39438486,10.04578865,9.978220984,11.2909574,8.472980633,,,9.487841234,,,,10.25004279,11.30805067,,9.088893693,,,
1465,16.32394207,,13.00911364,9.75683523,10.1224045,11.31913459,7.895468874,,,10.15623231,,,,9.579849785,11.22732657,,9.088893693,,,
1466,16.01988237,,12.83050229,9.622876719,10.00932766,12.34002666,9.56912021,,,10.83249331,,,,9.240866892,10.88477562,,9.086552508,,,
1467,15.13288711,,12.79072696,9.593045223,11.36823471,11.35465723,10.28774395,,,9.681949737,,,,9.085818784,10.98934472,,9.07868237,,,
1468,14.57790476,,12.79628688,9.597215162,10.19256212,11.35649053,10.56540656,,,9.70438108,,,,9.077757838,11.34692723,,9.086321398,,,
1469,14.24784256,,12.39319393,9.294895447,9.588494358,11.22191898,10.93775438,,,9.548857471,,,,8.535605106,10.14225887,,9.097121644,,,
1470,15.56194801,,12.38501932,9.288764488,10.38031131,11.18380935,12.2830564,,,9.490135501,,,,9.370277382,10.5612002,,9.089233196,,,
1471,15.73721253,,12.42433617,9.318252129,9.746631444,11.26544367,12.09415415,,,9.839073286,,,,9.770438402,10.70470595,,9.105988066,,,
1472,14.44254678,,13.77131356,10.32848517,10.22704438,11.54137634,11.59454846,,,10.10402412,,,,10.21883604,10.53736333,,9.006729879,,,
1473,13.83058456,,13.76223678,10.32167758,9.633154675,11.79378173,8.821527517,,,8.847009387,,,,9.952984433,10.56551738,,9.042694236,,,
1474,14.32025558,,13.25762466,9.943218493,9.044203421,11.79575959,7.055860535,,,8.078988362,,,,10.64683529,10.94188026,,9.057920839,,,
1475,14.33891473,,13.03615939,9.777119543,8.770847178,10.83188833,7.324676904,,,9.520103082,,,,10.79129171,10.35755913,,9.076251607,,,
1476,13.83908889,,13.28454441,9.963408311,8.792989012,10.71084749,8.03274801,,,10.25301798,,,,10.5569098,10.6723128,,8.612987195,,,
1477,12.64075529,,12.31437562,9.235781719,9.225382254,9.594573297,7.367076799,,,10.35673853,,,,9.00784011,10.32225091,,8.965798275,,,
1478,11.667099,,11.9262425,8.944681878,8.12772165,9.270173205,8.726891012,,,9.382048369,,,,9.799627325,10.29701697,,9.568236252,,,
1479,12.26517036,,12.49426544,9.370699077,9.004053397,8.820850242,10.9549214,,,9.310049273,,,,9.607084887,10.23636057,,9.7795931,,,
1480,10.49595284,,12.10643354,9.079825155,9.574638078,8.587261146,12.04411844,,,8.652089639,,,,10.0029938,10.14643302,,9.83100962,,,
1481,7.442753608,,10.77004647,8.077534856,7.493707753,7.320344103,11.43306375,,,9.238822253,,,,9.141423454,10.47968622,,9.6055767,,,
1482,9.213747818,,10.01670111,7.51252583,6.580402043,7.320518689,9.973061693,,,9.222297556,,,,8.303715277,10.24161127,,10.04997391,,,
1483,11.80506253,,11.62386258,8.717896933,8.153663485,8.203057358,6.479719001,,,9.00953567,,,,10.42055421,9.575340828,,10.09796919,,,
1484,11.25524086,,12.91768036,9.688260273,10.27598662,8.552303638,5.902992174,,,8.676475776,,,,10.5355941,10.05201897,,10.08760797,,,
1485,9.512328636,,13.48800679,10.11600509,9.362934877,8.701591465,9.537216877,,,8.361346384,,,,10.05185284,10.48528317,,9.713039716,,,
1486,9.078701716,,12.82813059,9.621097939,8.402067394,8.345052017,9.818295564,,,9.298369784,,,,10.05721542,10.39441825,,9.831388444,,,
1487,9.917388765,,12.69518446,9.521388341,8.31217312,10.72488944,8.583007916,,,8.992515859,,,,10.31137026,10.0969099,,9.790168825,,,
1488,8.581698637,,12.75594365,9.566957736,7.935659824,9.895632779,8.888353942,,,10.27133143,,,,10.49729866,10.04995854,,8.753109521,,,
1489,9.090879284,,12.57237105,9.429278289,8.219112238,9.600718749,8.86822831,,,9.874252374,,,,8.733398242,9.907011928,,8.772159942,,,
1490,9.868821262,,12.79630533,9.597228996,7.736448857,9.206384585,10.42313343,,,9.883540303,,,,7.952720785,9.878410499,,9.392433496,,,
1491,10.17922204,,12.54388439,9.407913292,6.521179628,9.231047368,10.46689354,,,9.655584295,,,,7.635819664,9.667788567,,8.752001591,,,
1492,9.822543608,,13.7439884,10.3079913,6.627403698,9.091384898,12.3928976,,,10.88856809,,,,8.965453842,9.699537223,,9.010940423,,,
1493,12.63027983,,13.96246326,10.47184744,7.476443764,9.6066835,12.81317192,,,10.49565357,,,,8.885726074,9.151034803,,10.04863728,,,
1494,13.32220908,,13.69135672,10.26851754,8.899703822,10.79134873,9.45189178,,,10.01062255,,,,10.04069936,8.743290267,,8.877888527,,,
1495,13.20677531,,13.53187559,10.14890669,7.952095875,10.79313401,8.461151531,,,10.06382286,,,,10.1347338,9.526381329,,9.042375247,,,
1496,12.02974099,,12.88534792,9.66401094,8.234737236,12.93093923,6.443470429,,,9.753987525,,,,8.534077882,10.06058585,,8.511565134,,,
1497,12.12803862,,13.30556641,9.979174806,8.260039583,10.69405687,4.149079777,,,9.796130667,,,,8.177055131,10.2950639,,10.4795331,,,
1498,12.10602019,,12.79208828,9.594066208,8.932131242,10.69576849,7.080262939,,,9.818338477,,,,9.460233423,9.847722958,,9.628575329,,,
1499,14.05856779,,13.31780969,9.98835727,9.167757647,10.44696427,8.827155093,,,10.32124562,,,,9.152210064,10.50980901,,8.894630986,,,
1500,12.8480285,11.39121801,12.22791844,9.170938833,8.575968629,8.066612268,9.131395904,,,10.3477928,,,,8.777539288,10.79565154,,9.661384351,,,
1501,11.88039935,11.08994003,11.17672139,8.382541041,7.272711075,6.56879649,6.716563461,,,12.07271048,,,,7.530917366,10.6507642,,10.46268659,,,
1502,11.80905579,11.4590841,11.35592062,8.516940468,6.92837926,9.813623672,6.453165882,,,9.758897682,,7.412853652,,6.989305308,10.57849664,,9.772410097,,,
1503,12.57156642,11.63248396,12.07556624,9.056674678,8.760998441,8.388489661,5.418530327,,,8.84578388,,8.269044835,,8.850791003,10.64980091,,9.566762431,,,
1504,11.87894553,11.76220077,12.66291705,9.49718779,7.879709536,8.144164719,6.331508443,,,10.07145011,,8.455952392,,8.825909514,10.40283217,,8.676353607,,,
1505,11.75283667,11.30301752,13.14947599,9.862106989,7.866375283,8.468157146,4.600865622,,,9.564057233,,10.01482784,,9.528627262,10.40283217,,9.357868467,,,
1506,12.30261989,11.31104519,13.0146749,9.761006176,7.531644584,8.716602859,14.97599931,,,9.196787147,,9.941227452,,9.987117963,10.04172128,,10.49489748,,,
1507,12.2408194,11.34964903,12.84958896,9.637191719,7.08133399,10.34611064,12.6450197,,,9.600390918,,10.03703999,,9.883514645,9.976566032,,9.85292297,,,
1508,12.81765461,11.7509809,13.24867678,9.936507582,7.746607161,8.891182294,11.50903838,,,9.590593078,,9.236282031,,10.34688832,10.18688578,,9.365887357,,,
1509,13.13989017,11.00536664,14.17785935,10.63339452,8.683475567,8.973904931,12.34813186,,,10.57052451,,9.461346433,,10.63509056,10.04641134,,10.25837592,,,
1510,13.23544263,11.67760917,13.8313076,10.3734807,8.90965519,8.200721274,13.72785008,,,10.7538485,,9.651513794,,10.45106873,9.993429307,,10.18017,,,
1511,12.32974913,11.42547449,12.48068837,9.360516281,8.507752567,9.340221862,11.120528,,,10.91415237,,9.265125233,,9.466843872,10.00683513,,10.30731723,,,
1512,11.60063912,11.26532692,10.89228529,8.169213969,7.772742412,7.985661093,9.544900316,,,11.33291145,,9.482104788,,9.209779916,10.1185236,,10.45934049,,,
1513,12.89492368,11.4098291,12.18057174,9.135428808,7.859925936,9.555340144,11.51788217,,,10.71273224,,8.832415403,,9.752603086,9.290842016,,10.61293069,,,
1514,13.59671843,10.97381274,12.43973611,9.329802086,6.962665198,9.413343516,9.973600759,,,10.36126436,,9.41608859,,10.29291757,9.275159233,,10.55846862,,,
1515,13.22019898,10.63430232,11.8002905,8.850217879,6.443020269,9.048844508,9.733954961,,,10.7625005,,8.358575308,,9.508069388,9.802814092,,10.62947792,,,
1516,12.12388489,10.95025418,11.97704994,8.982787452,6.522277131,8.076051048,9.024176105,,,10.09453974,,7.014484079,,8.859036294,9.875266578,,10.49999666,,,
1517,12.14745522,10.35978429,11.61786988,8.713402408,6.396568229,7.120944859,8.690257262,,,10.403518,,6.662407978,,8.513974661,9.941494197,,10.65207029,,,
1518,12.95043701,10.70221917,11.7913713,8.843528473,6.386743708,9.828954181,11.53872976,,,10.53139417,,8.282039674,,9.525353003,9.780474074,,10.46836124,,,
1519,13.4307627,10.37525518,10.86245098,8.146838233,8.127664061,8.214997664,11.576165,,,8.726324652,,7.320672579,,10.1807849,10.18119757,,10.53542551,,,
1520,12.12782498,9.777210243,10.42429055,7.818217913,7.810244804,7.920738089,7.991457221,7.991457221,,9.5069545,,8.703247253,,9.864096491,9.814560847,,10.27653936,,10.68506527,
1521,10.26135404,7.52774194,11.23411815,8.425588614,6.30458811,7.735101333,8.297807824,8.297807824,,8.235855434,,9.037626254,,9.615002562,10.08401537,,10.27653936,,10.73055475,
1522,10.51480868,8.275351015,12.14524906,9.108936794,6.29858033,7.735101333,7.42588725,7.42588725,,6.540208482,,8.161440361,,9.64755157,9.640544047,,10.31014064,,10.3093537,
1523,10.69338619,8.224355634,12.59957355,9.449680165,8.79763137,9.107882052,7.792101455,7.792101455,,7.865289123,,8.595123852,,9.59816692,10.42881328,,10.01291659,,11.02881643,
1524,10.3941327,8.049098193,12.22174139,9.166306046,6.32163355,8.041947657,7.82493998,7.82493998,,8.78753541,,8.608690681,,9.694553207,9.632529544,,9.949106746,,8.245443255,
1525,12.58052278,8.817582363,12.08446632,9.063349739,6.116950565,8.787965685,8.985395039,8.985395039,,9.3475408,,8.246197084,,10.05345036,9.579534041,,9.893334099,,10.31896571,
1526,11.7515081,8.570040327,11.22665051,8.419987881,7.918066762,9.091928219,8.007369951,8.007369951,,9.239200548,,7.852221588,,10.13508272,9.856414993,,9.468294533,,10.04345401,
1527,11.05459122,8.86624123,8.772998424,6.579748818,8.184786164,8.442634078,8.414359648,8.414359648,,8.709606071,,7.681007498,,9.394891672,9.198828153,,9.691488879,,7.293461434,
1528,11.35619414,9.294437412,10.46064144,7.845481082,6.892154901,7.754255472,6.461146436,6.461146436,,9.011713024,,6.736214173,,8.674029989,8.794119727,,9.477330591,,7.854526683,
1529,10.24564123,9.128775028,10.59841535,7.948811509,6.529941031,7.753106177,6.809166801,6.809166801,,6.93511344,,5.533218378,,8.149367315,9.246997511,,9.644179108,,8.971847455,
1530,8.827882823,9.648695568,10.7561941,8.067145575,6.914145079,8.139555084,4.869811394,4.869811394,,5.680727727,,5.916558793,,6.496809748,9.242500603,,9.535907339,,9.92986482,
1531,9.291114759,9.743716017,10.27364295,7.705232216,7.02662227,7.917670555,7.617569221,7.617569221,,6.793003338,,5.719392231,,6.535309903,8.410403575,,9.23841036,,12.00611062,
1532,11.01245137,10.19000711,10.77076555,8.078074163,6.541341332,9.365924129,7.59608745,7.59608745,,8.238377816,,5.688742221,,7.281590328,7.822787053,,9.484230849,,10.09899471,
1533,11.42820225,10.03270824,10.98676507,8.92674662,7.219857091,7.901134302,5.719784768,5.719784768,,8.231985742,,5.366138592,,6.239278773,7.464015425,,9.479449941,,10.36472125,
1534,10.99794692,10.28365257,11.67656856,9.487211959,7.684572265,8.123355535,8.006851616,8.006851616,,8.154505208,,5.670835729,,6.154830575,7.7617283,,9.415855395,,9.784296183,
1535,9.373940855,9.506520368,9.759863734,7.929889284,7.558151904,8.45198811,10.95818504,10.95818504,,8.601327094,,6.367171447,,8.074995713,7.869470477,8.984925235,8.783416686,,8.428170296,
1536,11.50623803,10.6899398,9.607155487,7.805813833,6.579378864,11.32350166,11.06650711,11.06650711,,8.692584602,,6.558055446,,8.232832329,7.323594947,8.873602348,9.292311092,,9.660297817,
1537,12.90954722,11.15740506,11.23895899,9.131654179,6.106177191,8.638627614,12.068264,12.068264,,9.334543297,,6.089182882,,8.210696525,8.2299692,8.601989717,7.953891829,,8.945550652,
1538,12.52645154,11.13443333,10.777236,8.756504252,6.16964185,10.71461808,11.06965907,11.06965907,,8.925985719,,6.222363835,,7.406756651,8.001205274,8.540430684,8.672143696,,9.126079884,
1539,12.31368991,9.192239945,11.5183225,9.358637032,5.457612218,12.60268349,7.215369265,7.215369265,,8.041899876,,6.674170145,,6.519009909,8.29278864,7.205185467,8.590399661,,9.447998144,
1540,12.81496682,10.54950438,11.63455453,9.453075552,5.988242513,14.94662322,5.427618646,5.427618646,,7.271834818,,5.477536422,,6.579925994,7.702994493,6.94619424,8.500968104,,9.467636018,
1541,12.97124566,10.40851098,9.940888719,8.076972084,6.34383325,8.270321819,8.193595908,8.193595908,,8.544484847,,6.082803903,,8.170893771,8.486555762,7.126007544,9.45001042,,9.809303163,
1542,11.63393969,11.02165804,8.045988634,11.60241124,6.353718552,8.435966061,9.579023863,9.579023863,,7.788329261,,5.948264489,,7.564887804,9.031318547,7.117163561,9.414204975,,9.987713654,
1543,12.26436705,10.34453948,7.80529686,11.25533084,5.724901422,7.083678143,7.830835448,7.830835448,,8.475860941,,5.697860373,,7.008351637,8.916911379,7.402961298,9.07450148,,9.950448249,
1544,10.74897037,8.282543195,7.774581684,10.3379053,5.192676537,6.919858614,7.633772924,7.633772924,,8.182650805,,6.157759436,,7.076995659,8.741813001,6.860793681,8.01441304,,9.714967399,
1545,10.76221559,7.444697154,6.43997706,12.84491096,5.524510779,7.330277569,7.27528833,7.27528833,,7.258287006,,6.581566012,,7.415646983,8.834255564,6.95816245,8.203095815,,9.427324205,
1546,13.08636454,6.175110692,7.269511292,21.74919826,4.753280509,6.65046984,7.712410046,7.712410046,,6.48129664,,6.120712263,,7.717407997,8.959461172,6.448400111,8.255834577,,9.6446529,
1547,15.79330327,8.60383128,7.897177184,23.62707277,7.028523423,7.857667873,6.184156829,6.184156829,,7.472206418,,6.505234996,,8.114760683,8.781792817,8.213752896,8.264630449,,9.757786582,
1548,13.55109597,9.691344181,6.932211993,20.74005349,6.888881217,9.609063717,6.144463362,6.144463362,9.560453064,7.551777604,,6.35218891,,7.571248745,8.965444072,6.908603824,8.299828527,,9.268247816,
1549,13.48436195,9.879484738,6.238837008,16.17684297,7.226311563,7.581927857,5.572913806,5.572913806,8.903012184,7.048651541,,5.732348928,,6.840229849,8.771732998,7.278410594,8.918343625,,8.723629607,
1550,12.55826426,9.380073508,5.832966502,15.12445076,6.149695192,8.621287552,5.898774284,5.898774284,9.827123241,7.136883031,,5.100194812,,6.198539578,8.309071714,6.386690847,8.783820869,,8.601031465,
1551,11.13007224,9.277640639,6.458917256,33.49498955,6.376802735,9.867358895,5.043711733,5.043711733,9.521657665,6.686146216,6.910894266,4.648528999,,5.807066286,7.504017144,5.900496515,8.587568296,,8.211814202,
1552,11.24162793,6.997663196,10.52435866,7.695485687,5.860676781,7.889797507,8.737563467,8.737563467,9.7468541,6.405568576,6.768253484,4.987232083,,6.666205119,8.023680792,5.659511133,8.051062696,,7.738467507,
1553,9.774984518,7.093755354,10.36581365,7.774360238,6.893095415,7.751597611,7.696547418,7.696547418,9.927612513,6.377872742,6.523261467,6.04145146,,7.259913414,8.063408953,5.854575812,6.955217365,,7.982868085,
1554,11.54006947,8.724635261,9.205936327,6.904452246,7.464689461,8.03427401,4.92670275,4.92670275,8.806171628,6.672157167,7.609558285,6.399390413,,7.389592118,8.140374152,5.943257204,7.378902645,,8.39750464,
1555,10.31288973,8.661775343,7.195403159,5.39655237,7.57639457,5.787047717,3.650126796,3.650126796,5.987377204,7.182348955,7.681869839,6.211469282,,7.182798579,7.489786788,6.481224545,7.378902645,,7.845336965,
1556,7.425085157,7.253007899,7.534882668,5.651162001,6.771589665,6.405147601,3.963447957,3.963447957,5.912510371,6.475121125,6.11439874,6.356236635,,6.992560498,7.307511175,6.357175711,7.351155672,,7.284618328,
1557,8.610410702,4.520057649,10.33485014,7.751137606,6.459056191,7.2931888,4.73828724,4.73828724,6.429844942,5.081310535,5.969858204,6.3362975,,7.224152861,7.273690378,6.414218298,7.540852876,,8.256210565,
1558,11.93614074,9.188620384,10.31657907,7.737434304,8.256173174,7.051225005,5.908645188,5.908645188,4.925780697,5.688900824,5.724819672,6.209439375,,6.997713284,7.251089019,6.524494152,7.591073193,4.407095334,7.665706083,
1559,10.47137513,7.251965899,9.38165935,6.765619723,8.636818056,6.476168689,7.099511584,7.099511584,5.759856955,6.243591599,5.465257463,5.299973444,,6.804469867,7.70219658,6.68517745,10.21409211,5.85418999,7.521925838,
1560,11.96175397,7.465483577,8.771809259,6.054162832,8.238006601,6.418795512,7.451704988,7.451704988,4.310676118,6.068370128,6.292196329,5.25293233,,6.16809805,7.602035476,6.777755641,9.94045761,5.849313018,8.308151294,
1561,14.16718762,8.588069364,9.789324197,6.516561966,7.804361272,6.053028327,8.976014286,8.976014286,5.677357305,5.69467156,8.00063001,5.359518708,,6.298839113,7.588422722,7.314133999,10.28761585,5.849313018,8.443014803,
1562,14.05233242,7.487320432,7.675776373,5.482697409,7.06695469,5.577013679,7.044124161,7.044124161,6.014851931,5.840180023,8.075306891,5.310600902,,6.870918498,7.589806695,7.189168794,10.44291245,5.83742904,9.379648799,
1563,15.67614798,5.916589009,10.22552695,7.303947818,6.803251841,6.918442821,7.643696393,7.643696393,6.532101318,6.025781686,8.9073895,5.100152411,,6.817492941,7.900245757,6.748825566,10.4179619,5.654709086,8.583471446,
1564,16.11099332,7.341706686,10.24910829,7.320791637,8.497017504,7.03030826,8.769845553,8.769845553,5.29750795,6.716188673,8.65068034,5.337676818,,6.534200348,7.474221687,7.133898354,10.57206823,5.247526988,9.613032219,
1565,13.26884362,8.762854554,9.286501406,6.63321529,6.919540334,6.34367325,9.306199546,9.306199546,2.812756028,7.414199265,9.728716359,5.065504499,4.760131641,6.364784712,6.643742515,7.234295077,9.818171808,5.712494102,9.100027834,
1566,12.19901056,5.480365991,10.35421254,7.395866097,5.214175167,5.356962261,9.581982496,9.581982496,4.292220736,6.480101435,9.442767945,4.458801672,3.975428488,5.249351583,7.079561511,6.017207399,9.989847178,5.698065944,8.670104542,
1567,11.7899383,8.673185691,10.40171904,7.429799316,6.648113543,6.334598836,9.932474821,9.932474821,5.588116712,6.211662745,8.342443141,4.383674898,3.961330463,5.376489179,6.293409046,7.292094579,10.2606235,6.709734023,8.319176092,
1568,11.78289223,8.286090038,9.613672404,6.86690886,7.734186194,6.90283848,10.24271231,10.24271231,5.927001061,6.554562019,8.528980674,4.957705967,3.961330463,5.106862637,6.163007261,7.376357784,9.872096035,7.202023092,7.543069587,
1569,12.23660901,8.041836289,10.4921294,7.494378144,8.884455144,6.54002252,8.834368106,8.834368106,5.097884287,6.454510616,8.308698255,5.262604912,3.948552985,4.761536709,4.91262111,7.396109772,9.460465239,8.199116748,8.431955845,
1570,12.02059566,8.526090558,10.42746369,7.448188346,8.649550177,5.642899981,9.056764188,9.056764188,3.950955035,5.840747488,8.283285611,4.250752453,3.948552985,4.118892893,4.816809645,7.648120597,9.405831505,13.66661829,7.265338285,
1571,10.39140789,7.408140916,9.822634017,7.016167155,7.573484934,4.940666678,9.411430136,9.411430136,4.742798595,4.865308233,7.838618236,4.142032279,3.948552985,4.264367241,4.696961252,7.065959554,8.604786282,13.27983789,8.975803922,
1572,9.362710623,6.587985063,9.225958286,6.589970205,7.184731483,5.48611153,9.996480162,9.996480162,6.045939914,5.149430939,8.440385993,4.654398554,3.580424038,5.314823212,5.341352908,7.386783263,9.890171308,7.159829221,6.778313471,
1573,7.755788505,5.221109508,7.357442012,5.081106362,7.019181047,4.347386595,8.984555978,8.984555978,5.93966064,5.704554874,8.690695792,4.584470618,2.814351025,5.365176895,6.004586992,7.621946516,11.61475584,6.715462561,9.032384114,
1574,7.999546343,4.99123305,9.757430446,6.812035883,5.217570117,4.981454567,9.379368266,9.379368266,7.004442779,5.346874656,8.849404708,4.43210722,3.642838642,5.05614235,6.679300302,7.229939885,11.66520446,7.328939772,8.833157967,
1575,9.566950047,5.86373768,10.46717144,7.081527068,7.640246993,5.554661982,8.125195404,8.125195404,6.531119588,5.46097381,8.632053546,5.489674486,4.432481199,6.068842072,6.972094465,8.900130258,11.69922965,7.61914094,8.68299742,
1576,10.51671064,7.135436488,9.56195896,6.275035568,7.678478317,6.175086746,9.768062433,9.768062433,6.208865475,5.213441727,8.418237115,5.555944793,4.227430077,6.293590511,6.397508336,9.211793039,11.62301967,7.667383599,8.323291468,
1577,12.50147909,6.221105387,10.11080345,6.635214764,7.75452837,5.925600466,8.611896411,8.611896411,8.187588745,5.520926219,9.090858392,5.484372827,4.739121386,6.363981278,6.544742661,9.019879361,11.71087787,7.667383599,8.483546355,
1578,12.97994703,6.048848308,10.98641936,7.209837708,8.851161744,6.063682699,8.878497024,8.878497024,7.497520812,5.227012328,7.720632773,5.225969612,4.634982822,6.34636168,6.816653989,9.160245735,10.97308013,7.732958692,9.269846388,
1579,12.12463536,6.369852117,10.98070744,7.206089257,11.17453248,5.146737978,7.076259438,7.076259438,6.323471284,5.365756657,6.779034267,4.752825272,3.819049193,5.531797333,6.78802381,8.799344157,10.21770453,7.859634268,9.274515714,
1580,13.80000188,8.698098069,10.52804686,6.909030753,10.60097169,4.979498693,6.205769706,6.205769706,6.292751832,5.570150612,6.601740024,4.966680239,3.972790069,5.540099873,6.783464955,8.702359972,10.17362342,7.680452491,9.287111358,
1581,14.86027238,9.065108266,10.64933574,7.987001804,9.119750639,5.744297768,7.689102842,7.689102842,5.94899095,5.943230763,9.430714833,5.332811796,4.014833452,6.008677917,6.519270336,8.66935555,10.60371724,8.966490273,9.788303592,
1582,15.13793177,9.132568274,10.65127056,7.988452922,10.38939607,7.484949482,7.808659181,7.808659181,6.02896926,5.288443941,9.157338364,5.190947612,4.209029417,5.791362381,7.239784996,9.593523862,10.73282512,8.71828199,11.50215232,
1583,14.40717224,9.269810055,10.76022656,8.070169917,7.837721579,6.023768447,8.826330295,8.826330295,6.005526886,4.89676751,8.323959167,5.160525798,4.096460464,5.661239222,6.942062291,9.174771488,11.32152624,8.205836202,12.32700728,
1584,11.18581657,8.720273955,10.71661874,8.037464057,8.040862552,5.578881064,8.833593535,8.833593535,6.585088833,5.372674809,7.922690969,4.784867564,4.179191637,5.791718757,6.403149799,8.997869112,11.19005271,9.169049446,12.80258344,
1585,7.376063078,9.056990694,8.501400771,6.376050579,9.728006543,4.752774583,7.298307864,7.298307864,6.21894281,5.834181144,8.548411585,4.618689758,4.238889297,5.679090073,6.09187062,9.164377297,11.00477566,9.221037421,11.64027173,
1586,5.66239023,9.911828049,6.971180639,5.228385479,6.394489956,4.146375843,7.533372275,7.533372275,5.796959328,6.378723296,9.026544939,4.310879594,3.76716491,5.285550475,6.555215012,9.522817287,10.51475835,8.393240835,11.50529352,
1587,9.327688877,7.895709051,10.49780257,7.87335193,5.854935453,4.748346204,7.225196806,7.225196806,6.29745975,6.161045173,8.397140057,4.610217656,4.645373327,5.077775814,6.436153277,8.536296583,10.52729214,6.985677871,11.03273548,
1588,10.97336632,7.22766795,10.75710998,8.067832488,8.05524859,4.916791828,8.105329676,8.105329676,6.637672534,5.940335182,9.058847234,4.444722344,4.754494989,5.312503265,6.529352452,8.085844665,9.778730185,6.985677871,9.609562242,
1589,10.80942089,8.394647763,9.36896813,7.026726098,7.161043081,4.637973787,6.274162074,6.274162074,6.166866381,6.019860648,7.779772749,3.899167195,4.747285094,4.058460395,6.375878971,9.381689191,9.264005438,5.354423929,10.26938611,
1590,10.60074434,9.703977429,8.649549517,6.487162138,5.403817009,4.834529551,6.877870584,6.877870584,5.251167613,5.595337474,7.492049982,3.888891058,3.965581315,4.337206315,5.092437866,9.408935461,9.155162898,7.377569854,10.26368928,
1591,11.48753214,9.41048231,10.23390198,7.675426483,4.322819298,4.997347006,5.967105707,5.967105707,5.235167786,5.697298743,7.7392946,4.012817629,4.387729014,4.741993889,6.335447602,9.707678043,9.091622739,8.907961383,9.818823602,
1592,12.28000495,10.90070907,9.860960778,7.395720583,5.623398018,4.895946221,6.439981277,6.439981277,7.860796416,5.704443663,8.444473946,4.504070896,5.019851287,4.852499972,5.872528436,10.0618361,9.411863465,9.396371918,9.951358555,
1593,10.60149114,10.61357542,9.482790163,7.112092622,5.984295794,4.284602737,7.255285992,7.255285992,5.197330197,5.476480939,8.546857048,4.414483333,4.540816061,4.666560139,4.979057418,9.945179972,9.446307741,8.876353314,10.26758305,
1594,9.347956825,9.452878005,6.705067607,5.028800705,6.822714633,4.79992579,7.50690541,7.50690541,5.388111447,5.694644214,7.002485624,4.188616154,4.518791649,4.669096633,5.538093025,9.567293641,8.11059611,9.249560106,9.878673111,
1595,8.627399183,9.508968403,6.727018147,4.898314185,4.982549822,4.501677304,6.952298359,6.952298359,4.747469169,5.596391877,9.97234487,4.530276819,4.646744855,5.99605641,5.116848428,8.664587259,8.049500545,9.096608746,10.11451019,
1596,9.454930234,9.067190326,5.689101268,4.006409344,4.966886983,5.328511859,6.527375912,6.527375912,5.264278343,6.146488679,8.811204795,4.454745888,4.513803794,6.003624561,5.773194508,8.714150836,7.560093712,8.567345074,9.515803323,
1597,10.06116017,8.497040451,6.462483166,4.426358333,4.913397065,5.242614842,5.729459655,5.729459655,4.211929971,5.947709273,8.994807271,4.316113823,4.18491743,5.532734376,5.630749116,8.276993613,7.701971042,7.932772405,9.401696167,
1598,11.35804455,8.647494815,8.452742526,5.635161684,5.20328051,5.30254458,6.599953058,6.599953058,6.002210762,5.256401251,7.930571751,3.611432444,4.378543977,5.20312552,4.492648827,7.553534026,7.444735804,7.173444551,8.676198079,
1599,11.61087898,8.284422991,8.00038677,5.33359118,6.230611951,5.448619545,9.916027765,9.916027765,6.436412523,4.921548357,6.68169774,3.890160959,4.277873932,5.122046302,4.12455323,9.250497999,6.990701465,7.393642655,8.107126441,
1600,9.867369749,9.268815573,7.856011526,5.237341018,6.645461163,5.287122287,7.596879069,7.596879069,5.866706658,5.077007596,7.371312162,3.58304057,4.469503952,5.023457717,4.037963946,9.586779347,6.932928568,7.459955226,8.112163275,
1601,11.43334142,9.7911738,8.668357729,5.778905153,7.267674139,5.07098596,6.633830702,6.633830702,5.361289743,4.78460672,8.573690709,3.586414162,4.63659651,4.694482993,4.601833537,9.270900804,5.998296283,7.00833176,8.194572863,
1602,13.9465653,10.4746494,9.516144887,6.344096591,7.303195555,5.317435419,6.412650595,6.412650595,5.38994358,5.282095209,9.437507659,3.662161121,4.666477528,5.084842907,5.151553312,9.667401944,6.091350691,9.233076896,8.143949882,
1603,13.93928357,9.546273153,9.276389041,6.18425936,6.521349184,5.541027607,7.376155507,7.376155507,4.33271434,4.593981813,10.22438778,4.014243355,4.835290974,5.306714839,5.465296681,8.904809233,6.793556976,6.651978429,8.401480968,
1604,13.01234438,10.0262099,8.548058278,5.698705519,6.71648942,5.090132741,6.783906787,6.783906787,4.736038048,5.232952953,9.289655422,3.952121553,4.890314668,5.457639212,6.002376841,7.690640882,6.194495866,5.538430727,8.333687512,
1605,15.83732414,11.08483898,8.824364783,5.882909856,6.9839771,5.527676395,7.389795579,7.389795579,5.913810094,4.763538626,7.780543513,3.848205032,4.715277363,5.415643513,5.380130359,11.37924681,6.530059859,5.921031292,8.970835518,
1606,15.40144145,11.57794624,8.575088842,5.716725895,6.911397431,5.530371673,7.585717955,,5.747768617,5.370696288,6.962108544,3.759825832,4.708367942,5.031606927,4.975318923,9.772993804,6.247243778,5.89050289,8.59974831,
1607,14.9269844,11.40885235,7.489795446,4.720459315,6.752542106,5.202468239,7.206546369,,5.528494238,4.965368556,7.873520517,3.743292784,4.566055122,5.300918352,5.777886078,8.184595104,5.816726139,6.000287438,8.229588911,
1608,11.52647537,10.10075127,7.67307984,4.603847904,6.043371517,5.128217632,7.921488113,,6.206455265,5.408445206,9.097753673,3.62998394,4.856996272,5.350529469,5.985260847,8.548559348,6.013948207,7.021010787,8.513326254,
1609,13.05625721,9.687152814,8.867897068,5.320738241,7.257938841,4.333167499,9.055398833,,7.088228698,5.425872662,9.733196348,3.571375831,4.629370229,5.435326225,6.300884554,7.133052348,6.134705363,7.561592379,8.19760471,
1610,14.37933805,10.06637346,8.727629209,5.236577525,7.907649907,3.798160121,7.965480772,,7.000420106,5.287783801,11.31765035,3.434865296,4.289598411,5.463289297,6.00146283,7.303947669,6.474937938,9.006376237,7.955877977,
1611,12.73217567,10.21619766,7.526330234,4.51579814,7.721489219,4.040830155,8.642865219,,7.156660218,5.482001476,11.58080134,3.441797367,4.383361946,5.049059335,5.963048466,7.581688585,6.256191022,6.183763168,7.357931595,
1612,13.55594146,9.990831186,7.607727547,4.564636528,8.304166952,4.139655109,7.986561533,,6.356631515,5.301252829,10.36531042,3.684094526,4.33660838,4.920356251,5.303201536,7.364925343,6.022285877,6.409342319,7.054183057,
1613,14.3689896,9.930238169,7.440545318,4.464327191,8.522122284,4.756223463,8.269080241,,7.942151757,5.278172007,10.31310853,4.036674663,4.616829417,5.283815693,5.9037085,7.779919389,6.645592009,3.540249738,7.666400169,
1614,14.90601343,10.73558878,7.815947621,4.689568572,8.423403165,4.520663595,9.065712429,,8.300094456,4.759350612,9.075061545,3.531625255,4.469553873,4.587191454,5.686612799,9.316976774,6.829321924,5.836464299,7.531339709,
1615,13.52439188,10.74313854,7.45683494,4.474100964,8.423316201,5.068074043,8.413781107,,8.458243143,5.521559746,8.575194315,3.502322818,4.979289211,5.024685426,5.548865023,9.582459814,6.635291787,6.815906528,8.173478912,
1616,11.27842198,10.14346484,7.61129786,4.566778716,8.625915049,5.396653126,8.28368108,,8.939256983,5.401565827,7.960630738,3.807417288,4.218017643,4.885110417,5.077220855,9.91382496,6.441566816,7.216494497,9.427269504,
1617,12.52568997,9.843232321,7.478760271,4.487256162,9.256015392,5.652799942,6.829574711,,7.958157949,4.932971738,7.402281014,4.034446058,4.761631728,5.429295533,5.952197605,8.931905735,6.908260858,9.669067554,9.426648437,
1618,13.7089602,10.13199353,8.582764262,5.149658557,7.189762488,5.700176514,5.834066725,,7.460993354,5.06079925,8.667399274,4.313198126,4.849539864,5.893085369,5.795899362,9.683644613,7.242331549,5.913287678,9.950773784,
1619,14.34852749,10.73820651,8.913915227,5.348349136,7.57294222,5.992923839,7.418087884,,7.863390884,5.425718363,9.484342762,3.891909319,4.691329713,6.230424236,5.020472468,8.232260888,6.106638497,6.310434298,10.10162591,
1620,14.45939976,11.61234009,10.55442913,5.277214566,7.840313567,5.995980826,7.595862723,,7.595197236,6.126622489,10.37866702,4.058693622,3.779444456,6.723592799,4.570731134,6.592322699,4.907628021,10.1854139,10.05950562,
1621,13.01738146,12.00994359,9.063315128,4.531657564,8.121090666,6.040405973,7.622117438,,7.261931892,6.615927238,10.27696134,2.58636744,4.923372393,6.78021714,3.473379215,6.36874524,4.462500632,7.553237412,10.03874377,
1622,10.13239717,10.57457363,8.407844368,4.203922184,6.702155467,5.701825795,7.648554279,,6.111310705,6.023160067,9.914890892,1.747374587,2.908067567,7.086107826,2.733613436,6.19610717,3.724912258,7.197649889,9.748154452,
1623,11.73286402,9.508702034,8.770999296,4.385499648,6.48606741,3.435930276,7.675175148,,6.654467867,5.474883941,8.618206864,3.301433396,4.005499257,6.558936388,5.838338736,5.741918181,4.253705257,6.615603312,9.668891994,
1624,10.85082328,8.886293188,8.46294061,4.231470305,6.956995813,4.247975854,7.701981972,,6.78718311,6.416954579,8.397361421,3.80054689,4.579248558,6.619456365,5.68937024,4.663612397,5.156447478,7.594912394,9.705443134,
1625,8.856606883,8.83481623,8.73329957,4.366649785,6.975740867,4.710166635,7.728976707,,7.063995133,6.315918097,9.249047538,3.4788519,4.966625444,4.047546693,7.456997735,4.739180785,5.015570797,9.871542429,9.2836299,
1626,8.620216674,9.016617619,10.08259188,5.041295941,5.435638907,3.560998763,7.756161335,,7.294419402,5.743400236,9.308439878,3.313216508,5.120059808,3.579350403,6.102251668,7.499130779,4.955017238,10.28219949,9.281404475,
1627,10.62631186,9.152227772,10.93454352,5.467271759,5.683598855,4.041827136,7.783537868,,7.569265159,6.020789453,8.57286486,3.344117784,5.399787338,4.03033463,5.427520267,7.248744952,4.889626183,11.87244992,9.761109592,
1628,10.61569019,8.911563079,9.684110899,4.84205545,6.415974272,4.181201694,7.811108345,,8.349456101,5.420060589,7.894750257,3.442072364,5.489009221,3.973057728,5.561206807,6.774132346,6.580806373,7.243782578,8.666248731,
1629,9.165807412,7.690387743,8.131080919,4.065540459,5.846145885,4.029016567,7.838874834,,7.958618214,5.17237927,8.594154508,4.033334863,5.14967863,4.025617724,5.319083002,5.357408361,4.646137244,14.86806369,7.250216643,
1630,8.540486534,7.104131927,8.845082497,4.270039826,5.924203375,5.511303225,7.866839432,,7.144640045,4.888233192,9.193261849,4.536079826,5.431395626,4.043285595,5.394309229,5.677955541,5.023937149,13.24982646,8.083974037,
1631,8.525654918,6.927057585,10.12386441,4.887382817,4.815977312,7.486222177,8.881879802,,7.166698048,4.437874481,8.661570513,5.12602274,5.929722672,4.08846205,5.842575094,6.698073467,5.37875379,12.33882575,8.030957979,
1632,10.02491106,8.72550268,9.75196722,4.707846244,5.05159843,4.407434437,8.913792938,,7.134846089,4.872453663,11.61339051,4.144597345,6.227205145,3.553428516,5.567730198,7.842809459,5.031472342,8.443129951,7.565639916,
1633,10.17793442,9.181090902,9.973491122,4.814788817,5.807369388,4.592176968,8.945936232,,8.106049577,5.322944587,7.88066617,2.942416242,6.844339872,3.347158564,6.304556439,8.247026225,5.576016067,10.22974617,8.301517236,
1634,9.918451706,8.889949033,10.01575892,4.83519396,6.236790023,3.844940415,8.900912942,,8.534413027,5.465204436,9.684576794,2.3700908,5.987297194,3.503918239,5.081206046,7.904745344,5.959433504,9.822856993,8.28879003,
1635,9.660139852,9.820987626,9.759863114,4.711658055,6.813123316,3.332188292,8.781832058,,8.144258228,5.355228837,10.59207067,2.707000339,5.554180235,3.320587441,4.791046734,7.358848425,5.487431564,10.86615658,8.076238203,
1636,9.554648475,9.942508192,9.972760278,4.814435996,6.724650927,2.332217626,8.524867275,,7.390186147,4.716076543,10.16442895,3.397257284,5.522858389,3.624017352,4.988244987,8.132457691,5.401627616,9.266347273,7.905638561,
1637,9.705082332,9.494025287,8.827000262,4.261310471,7.033662212,2.353306284,8.998612718,,7.972000402,4.524191322,9.790592832,4.07498358,4.257091947,4.13394106,4.508206917,7.831463526,5.533206594,7.648841093,7.481615382,
1638,9.265936887,9.137930789,10.586567,5.110756482,7.175196252,2.370581091,8.878578734,,8.225493449,4.806243244,9.413749321,4.309887933,3.778734222,4.441977748,4.795470684,8.108150965,5.342372422,7.747007877,7.174776196,
1639,9.281484999,9.554907436,11.4921104,5.547915365,7.202647376,2.407025837,8.762781355,,9.642170476,5.571274472,9.258617997,4.298543409,5.010687083,4.606225361,6.830775506,9.496671271,5.714284285,9.628702368,6.977524574,
1640,9.671624012,9.015171571,10.26932156,4.792350061,7.179771652,3.782622318,8.795198373,,8.536183042,5.709136647,11.64988679,4.505023827,5.307469341,5.272689855,6.729685023,10.39805992,5.432794797,8.301112245,7.909585425,
1641,8.918448094,8.755996227,10.95047187,5.110220206,6.681529472,3.691072992,8.827856129,,8.510984983,5.219463215,9.925544362,4.260038253,5.261493563,4.168000417,6.341634051,10.21182037,4.597795704,7.029003235,8.255328136,
1642,9.635929661,9.047846135,10.89669905,5.085126221,6.702076481,3.924202958,8.679925533,,,5.656860251,10.85034029,4.685785248,5.315993072,3.83630341,6.136756959,9.707830802,6.303770552,7.466151477,6.84142605,
1643,9.311363118,8.900054609,11.15411571,6.320665568,5.923105197,4.266912882,8.712396403,,,5.873553779,8.960275188,4.950124845,5.785527254,4.406232503,6.630049301,9.856625544,5.964756927,9.140169739,6.769151257,
1644,8.742982155,8.463329686,11.27748313,6.390573773,5.938651545,4.191784308,8.745111126,,,4.614484969,8.442675592,5.747844087,6.873671873,4.662211242,6.691755119,9.463944117,6.009131642,9.002981129,6.517694966,
1645,9.744866716,9.270809157,10.42861496,5.90954848,6.818754014,4.56140379,8.778072461,,,4.817002329,7.506980757,6.428027515,7.446718891,4.677493698,6.271366673,9.633693076,5.385540993,8.220416658,6.447353472,
1646,10.82081972,9.68337141,9.421143329,5.338647886,6.278635864,5.734571243,8.811283206,,,4.824440743,7.945063884,5.111583535,7.569367449,4.449211369,5.840759068,10.5332599,5.720527074,10.69572769,6.387012421,
1647,10.23294048,9.70471996,7.657355473,4.339168101,6.065747737,6.0034606,8.844746203,,,4.278836886,7.205213668,5.065054387,7.768856656,4.139581989,5.906599252,9.715166155,5.869585,9.891584305,6.643901263,
1648,9.820990516,8.995573961,7.711288537,4.369730171,5.640459475,5.886105001,8.878464337,,,4.807764568,7.832776816,4.353570651,7.69621,3.769511744,6.194017547,9.156119174,5.55716008,6.381327716,6.146167046,
1649,7.747593381,8.300202152,7.430534259,4.21063608,5.282090993,5.086379744,7.922169366,,,4.93616992,7.49895979,3.847245678,7.471073011,3.176907753,6.097505164,7.77793146,5.890996106,10.05155016,5.116791607,
1650,7.49145072,7.859635476,8.518129351,4.826939966,4.593135095,4.676965707,7.952602467,,,4.860534022,7.08195943,6.021205442,7.049957006,4.596305347,5.881673112,6.087914115,5.446798345,8.340523358,4.815775555,
1651,7.424751344,7.833852755,9.525071654,5.397540604,5.195460894,5.042650801,7.983270289,,,4.925615811,8.558002274,6.174784028,6.124625326,5.172197575,6.325597794,7.030058905,6.090659462,9.083608419,4.752516821,
1652,8.510335284,7.802768698,10.96317232,6.212464316,5.668270976,5.434706504,8.014175556,,,4.867042701,7.916624816,5.990073116,6.778179495,5.354359091,7.120838265,6.827681921,5.793013927,8.207997295,4.909795587,
1653,10.44286422,8.864419781,12.00081489,6.800461773,7.378457919,6.20517487,8.045321038,,,5.067578937,8.548256345,6.505393199,7.000569281,5.501478516,7.050683184,8.494621318,6.230138049,11.11270249,4.7211505,
1654,11.61689839,9.943922519,12.221666,6.925610733,8.860039108,6.375619286,8.076709545,,,5.200820853,8.838967635,7.100419271,7.764427192,5.675065188,6.735952312,9.541502533,6.427898858,18.81909556,4.963776847,
1655,11.13908308,10.5915196,10.564688,5.986656532,9.460859193,6.577430373,8.108343934,,,5.239268041,8.044869768,7.305385236,7.888045674,5.997219201,7.465564472,10.21867311,6.347446418,12.33837317,5.040890033,
1656,10.9155619,9.646835874,10.06365798,6.038194786,7.304067477,6.555880438,8.140227105,,,4.991960576,9.187669308,6.89157449,7.895828271,5.450722469,7.849039485,8.736897259,6.497058507,12.99052986,5.352884088,
1657,11.07260797,9.793225817,8.697186436,5.218311862,7.312815305,6.529171697,8.008914764,,,5.475354877,9.395780804,6.985017481,8.224519732,5.529039604,8.453406636,7.884768802,6.617292728,6.267245257,5.42771501,
1658,11.33869332,9.79806598,8.675015901,5.205009541,7.884547892,6.108592329,7.179157671,,,5.219969257,9.002088491,6.879874386,8.1225315,5.917494357,8.13755976,7.804725554,6.455583946,7.735338644,5.461815122,
1659,10.33909634,9.44840892,8.858270496,5.314962297,6.839967854,6.118432146,7.20772413,,,5.448497059,8.609809086,6.701894775,7.736923695,5.993569864,7.246528889,7.037062109,6.254476225,6.218691724,5.363257056,
1660,9.217434083,9.397607081,10.64382978,5.321914889,6.824089364,6.140322948,7.236518834,,,5.406528375,7.980570738,6.331064317,7.177698639,4.805240344,7.114078949,6.617228221,9.916375939,6.805703617,5.342824813,
1661,8.396273904,8.686178414,9.095132759,4.54756638,6.306241497,5.344395989,7.26554453,,,5.435454597,7.932658613,5.169176298,6.672638825,4.288257872,6.763582193,6.909389867,6.779648429,5.437389419,5.40868451,
1662,8.456537332,7.671513743,11.74965228,5.874826138,5.512031902,4.837527319,7.294804007,,,5.402388136,9.449259564,5.202177683,6.598613141,4.170272929,6.595167267,6.682925186,6.049831449,5.111864027,5.345168768,
1663,9.200517991,8.346390138,11.88937726,5.944688628,6.131948301,5.809575544,7.324300102,,,5.764004462,9.222570581,5.428719054,7.179128734,4.45119449,5.852795318,7.88449847,6.335059701,3.851786791,5.343163925,
1664,10.16265317,9.92548898,12.18772331,6.093861655,7.798914092,6.273059798,7.354035697,,,5.768334691,7.437244982,5.554046874,7.355437743,4.732551542,5.976078234,8.677488845,3.743714985,5.424938032,5.455147844,
1665,10.98842871,9.331529169,12.89417628,6.447088138,7.806776682,6.156298071,7.38401372,,,5.504524305,6.970608788,6.047704389,7.568963283,4.925707105,6.119728928,9.587057394,4.923111779,6.568881944,5.347231241,
1666,11.08633483,10.02434584,14.00278988,7.001394939,7.611131809,6.314903317,7.414237149,,,5.376264384,7.866771892,6.400552689,7.85121013,5.379803409,6.091130989,9.195169794,5.300032297,6.13001086,5.405286996,
1667,11.56963501,10.36062398,13.53570427,6.767852137,8.140632708,6.289656682,7.44470901,,,5.5587744,8.267332962,6.755585827,7.703482951,5.882072645,7.17862282,9.470804911,5.351467424,5.982041109,5.045691518,
1668,11.41684902,10.97788092,12.14372648,6.071863242,8.533595766,6.625296223,7.475432377,,,5.550224024,6.907141734,7.022538623,7.718933149,5.869234636,6.224773417,10.89777171,5.308725539,9.353796398,5.271222227,
1669,12.11062101,11.6095355,12.66335565,6.331677827,8.414591428,6.425062056,7.506410378,,,5.569142138,9.322215315,8.321526235,7.386709992,5.792366737,6.255464643,10.33420217,5.162769104,9.084440673,5.34006668,
1670,11.56554404,11.41456949,10.41262499,6.247574996,8.055694636,6.468431101,7.537646191,,,5.714955087,10.5595476,8.231006676,7.597085851,6.273806124,6.680859391,10.0591313,5.242892742,7.283584365,5.234570067,
1671,11.49208,10.82323699,10.39792095,6.238752569,8.058633985,6.611373832,7.190685896,,,5.940840578,11.00587152,8.295643346,7.560427475,6.373435008,6.817373591,10.30407502,4.902315265,7.031152499,5.251236123,
1672,11.31511221,9.785322456,10.18519457,6.11111674,7.542629091,6.42952954,6.971863886,,,5.474361289,11.36632261,7.768103469,7.218688854,6.327230067,6.84810554,10.13570052,5.712465843,8.783178653,5.180855122,
1673,11.0340845,9.931454783,8.713482941,5.228089765,8.293572054,6.054221447,7.001242082,,,6.093577976,11.10625043,7.308870571,7.502638141,5.885690394,6.809656087,10.45635188,5.651582152,7.953989652,5.118705991,
1674,9.634136053,9.265649815,8.880261471,5.328156883,7.586488553,5.34838104,6.796506618,,,6.230172809,11.1268263,6.49691772,7.106715664,4.981288602,6.565805567,9.893622399,5.718526767,7.10662254,5.172911883,
1675,8.68932975,8.698281809,10.46171002,6.27702601,6.736775715,4.519973795,6.779894585,,,6.200753261,11.04239412,6.101296509,6.276017674,4.5773183,6.144868454,8.471227425,6.019200906,6.101536834,5.040337383,
1676,9.709853116,9.275214547,10.64170719,6.385024312,7.407714035,4.045692862,6.808829638,,,5.931437399,10.28506338,6.365446324,6.550324428,4.904917293,5.921503381,9.467684506,5.727845887,10.405093,4.941655505,
1677,10.45958942,10.01642548,9.240392689,5.544235613,6.907700326,4.440750232,6.838012726,,,5.353606244,9.147154577,6.620765604,6.994470454,4.898226225,6.708706896,10.00016558,6.240384441,8.465588603,4.984008024,
1678,11.58960781,10.7285279,8.815563047,5.289337828,6.645825139,4.380923453,6.822561777,,,4.94973284,8.227967502,6.231373292,6.549514892,5.105282355,6.925242629,11.25711906,7.617435699,8.169014836,5.455854161,
1679,11.77406315,11.38240087,9.972844174,5.983706504,6.59442504,4.431530451,6.852056555,,,5.425910516,9.998112118,6.033864141,6.723333775,4.415896388,7.097314854,10.93826026,6.885464755,10.25795465,5.462294961,
1680,13.31892803,11.28118837,9.743301545,5.845980927,7.301122745,4.561955271,6.881807459,,,5.26569631,6.600970964,5.865187285,7.490210253,4.553819814,6.721557139,11.66807394,7.536213455,8.947841446,5.422779217,
1681,12.51583716,11.21640593,10.26580223,6.159481335,6.785069334,4.675591718,6.91181784,,,5.420972996,6.999384667,6.602451955,7.442670851,4.8283143,6.378776333,11.82989457,8.428704921,8.676554892,4.876150997,
1682,11.89996017,10.85758292,10.09232177,6.055393064,6.588851206,6.085188276,6.942091109,,,6.173323642,8.576956831,6.916544388,7.741019157,5.375168248,6.648650891,11.39004179,6.832426921,8.54600133,5.315479652,
1683,12.03544763,10.82375282,10.26610162,6.159660972,6.679595753,5.692069907,6.972630733,,,5.578019132,6.651656221,6.619541315,7.287777315,5.301235965,5.727741799,11.41626341,7.259900422,7.988901203,5.301145164,
1684,10.55525296,10.14303336,9.374548112,5.624728867,6.667475456,5.870824019,7.003440244,,,5.567502459,6.539175406,6.367043062,6.033328401,4.978536316,5.867707285,10.34479828,8.520738725,9.198316554,5.397213909,
1685,10.84297978,9.606200975,10.91475745,6.54885447,5.97221986,5.905893744,7.034523236,,,5.692063227,7.237622458,7.0821171,7.171512218,5.139378271,7.637070593,9.85575562,11.66788796,8.611596631,4.838902767,
1686,13.25260508,11.46786351,10.54675017,6.328050103,6.778359626,5.910539397,6.182647944,,,5.903098889,9.110844019,6.884304266,7.214850537,5.308664067,7.827807232,10.90738983,7.353289563,8.884484994,4.746007222,
1687,14.12751392,12.66646226,11.15643725,6.693862349,6.80814193,5.679544939,6.210333811,,,6.030061701,10.60350004,6.801406882,7.696496611,5.260542472,8.703110155,11.29791781,7.08708043,8.633428816,4.585048413,
1688,12.6068116,12.16472181,11.34352533,7.184232708,6.917874606,5.92454311,6.238268747,,,6.536809011,10.53429202,5.744697332,7.706683131,4.855416974,7.454462277,11.28297008,6.472470518,7.567535409,4.531847383,
1689,12.72920662,11.85598486,10.45981097,6.624546945,7.634358674,5.11544023,6.26645613,,,6.726837572,10.87562495,5.607371981,7.740120154,4.267943033,8.562594363,11.07345243,6.115263449,7.591797597,4.369955171,
1690,11.96777621,11.45704938,10.89355047,6.899248633,6.725602533,4.5769106,6.294899395,,,6.056604919,10.48442893,5.891460161,7.50151614,4.673764173,7.748188205,10.74675279,5.820008478,7.994269242,4.526720886,
1691,11.90590519,11.34430985,9.760364992,6.181564495,6.714922452,4.44685809,6.323602045,,,6.295621589,9.869972418,4.888340767,7.676023059,4.469334587,7.356838187,10.7834533,11.70350879,7.234264663,4.296832107,
1692,10.27255914,10.21175842,8.670728858,5.49146161,6.291111502,4.695136309,6.352567642,,,6.082728004,9.479764422,4.25328556,7.121207918,3.473860412,6.20178911,10.52184076,9.630315525,7.94202868,4.318025231,
1693,8.19376719,8.801854403,8.086983733,5.121756364,4.970261888,4.286957251,6.381799818,,,6.105968731,10.99937228,3.707048096,6.208405699,3.379053614,5.025300972,9.252477847,6.968287903,5.44954778,4.431468126,
1694,9.046701135,8.905802543,9.959172861,6.307476145,4.353239473,3.863629721,6.411302268,,,5.872800987,10.84855515,4.722302841,6.376483269,3.781268728,4.890284237,9.297864421,8.77339005,6.182981528,4.603771742,
1695,10.46887078,9.567952569,8.864618065,5.614258108,7.439583975,5.17317399,6.44107876,,,5.898944584,9.566939642,5.614510236,7.039708512,4.340274492,4.74939655,9.365252588,12.23614403,7.174017205,4.63657414,
1696,9.452737914,9.53025885,8.866675924,5.615561418,6.653202787,6.167316927,6.471133128,,,5.735080996,9.669727638,6.086776155,7.241845406,4.624549349,5.419869977,8.939166556,7.989365707,6.659072959,4.067370388,
1697,8.99872301,8.862983747,8.322664816,5.27102105,6.819140029,5.942525604,6.501469281,,,5.408124538,10.07321816,5.90219672,6.83333564,4.642803046,5.775306923,9.275896725,6.712400622,6.575766172,4.076346157,
1698,7.233168783,8.25541988,8.774645811,5.55727568,6.251118158,5.047796953,6.532091201,,,5.482201838,8.276731082,4.772151642,6.376934901,4.112568056,5.911794798,8.176805916,6.371410945,5.470686942,4.555915401,
1699,7.942769573,7.241483723,9.913972551,6.278849282,6.031032,4.411510727,6.563002945,,,5.673675096,7.613575212,4.080676062,5.9030835,3.40682756,5.562590311,7.19813174,6.128451766,6.663055428,4.521504022,
1700,10.16981629,8.630774336,10.68542405,6.767435234,6.203427994,5.222215001,6.594208646,,,5.381239272,8.941625252,4.723378313,6.604945565,3.865506824,5.383135421,8.495042806,7.139034901,6.743182152,4.482897511,
1701,11.01809565,9.926292437,10.88395102,6.893168977,7.799544287,5.664315978,6.625712518,,,5.4762339,8.844454266,4.730278271,6.88892787,3.625676674,5.487982774,9.101523652,6.438513339,11.53159176,4.2138584,
1702,10.44815348,10.21760142,11.07891122,7.755237853,8.638651526,3.552708343,6.760796993,,,5.358124578,9.879112992,5.219724088,7.128032749,4.184817042,6.431127572,9.77843551,6.38568971,10.77173789,4.627081233,
1703,10.6955646,10.55206977,10.01646891,7.011528238,8.516895469,3.361194316,6.396631478,,,5.476071824,9.891290696,4.959232139,6.759071915,4.333266989,6.180319965,10.25936859,6.723844638,11.28440671,5.890450925,
1704,10.786992,10.56035926,10.93564768,7.654953378,8.165215951,3.498611402,6.860826616,,,5.707511952,9.836502775,4.916494738,6.279692003,4.283065078,5.931710176,9.984638502,6.576704617,9.644799794,5.121993007,
1705,11.04322122,11.02750479,11.37860038,7.965020264,7.143989919,3.600713767,7.244895991,,,6.067601459,9.846672537,5.454409023,6.795364485,4.361148497,6.668507012,10.19295929,6.943307075,10.31901988,5.850575309,
1706,10.87694971,10.96755641,11.49745006,8.048215044,7.752910728,3.797452289,7.060448433,,,6.048267914,7.732274757,5.976791068,6.877343893,4.558978644,6.678841095,10.43607654,7.333671146,10.84851974,5.002089015,
1707,11.08010773,11.00378727,10.97550031,7.682850216,8.571783385,4.030116769,6.577916055,,,5.67830387,10.51101962,5.848973388,6.511344972,4.519736771,5.94518237,10.22091989,6.71115482,10.11342906,5.352384133,
1708,10.22835093,10.6421725,9.027037948,6.318926564,7.790885026,3.850179197,6.004055017,,,5.327696082,9.72483969,5.397663846,6.643224287,4.343663698,6.011225066,9.35890375,5.928994894,8.420935845,5.029921372,
1709,8.273964072,7.932507691,7.98669568,5.590686976,4.648147599,3.264150742,4.196469984,,,4.501334807,9.247152289,5.03522101,6.432375374,4.157116183,5.714952852,7.51926638,5.734825574,7.901900257,5.001412782,
1710,9.4770499,7.711706093,9.252195031,6.476536522,5.732919197,3.914848567,4.090855681,,,4.410576659,8.24717369,5.098676409,6.635629271,3.955078197,6.029632941,7.49870828,6.22513772,7.001957117,4.839099876,
1711,10.79622515,9.236003248,9.652740159,7.078676117,6.958271467,4.225749755,6.29134502,,,4.769805307,8.45496371,4.537926667,6.455725819,3.763089946,6.350931778,9.278098525,6.071609317,7.859169325,5.274943473,
1712,10.54354006,9.595586513,10.06652682,7.382119666,6.627042338,3.963025991,6.669733624,,,4.518443114,9.815672281,4.023096589,6.246655803,3.290767455,6.19408358,9.007605557,5.864315201,7.480521118,4.816705206,
1713,10.5900862,9.311687826,9.613684621,7.050035389,6.589625052,3.40958079,6.43473634,,,4.460411993,9.295116341,5.615640795,6.203473077,3.693898904,5.901023881,8.688766697,6.102119841,8.209526474,4.639829879,
1714,10.48962619,8.945073652,10.62461078,7.791381241,7.15576537,3.368877319,5.921482205,,,5.573633748,10.46478692,6.052214812,6.157841055,3.96392844,5.464474815,8.037818352,5.610158538,7.198423928,4.217633096,
1715,10.71959125,9.064686319,10.05119724,7.370877974,8.816387804,4.151360314,5.26316114,,,6.146890435,9.574238561,5.95466603,6.695551458,3.919816309,6.542709343,8.328685105,6.605589236,5.75308169,4.486489084,
1716,11.14316468,9.700037247,10.13491127,7.432268263,6.405861097,4.664787168,5.538165331,,,5.613743051,10.31970786,5.808439619,6.588218375,3.729393718,6.277185422,9.668667369,4.602018626,7.40417716,4.969372263,
1717,11.57946907,9.914742268,10.74346484,7.878540881,8.533224424,4.800372422,7.064474478,,,6.2845657,11.08243234,5.907507829,6.403668769,3.85210061,5.483339899,9.730505297,5.357885041,7.55986996,4.941980699,
1718,11.34983879,9.963821791,11.33216076,8.310251222,6.877542033,4.90992312,7.035296262,,,6.52862804,10.12666603,6.339332411,6.308500634,4.17452707,5.360246991,9.620766991,4.583641729,8.364311505,5.128130519,
1719,11.43933059,9.815651082,10.73012496,7.868758303,6.680892579,4.776090676,8.06673326,,,5.71850486,10.71229083,6.14030265,5.620384192,3.899362945,5.831904432,9.239823906,5.281870412,9.18105426,4.767435996,
1720,10.76266443,9.793933456,10.5890767,7.765322913,4.790915249,4.090935712,8.449126568,,,5.982725311,12.46246592,6.011189711,6.148716144,3.728269836,5.687319411,8.663498329,5.07317695,9.650731942,5.41955546,
1721,11.24277454,9.861984836,10.90854635,7.999600656,7.475243213,4.925209341,8.047564234,,,6.325005501,13.15911681,6.249505176,6.621699267,3.998015428,7.100885268,9.674789594,5.949753167,9.273784265,5.69690686,
1722,11.52872389,10.62525773,10.73209885,7.870205822,6.601384496,5.162095025,7.463143497,,,5.931776489,10.70175367,6.460367159,6.809893608,4.146616228,7.778834693,10.06436192,6.940998669,13.1041737,5.85483098,
1723,11.56186663,10.67946086,10.6144642,7.783940411,6.021877326,5.089214769,8.480039491,,,5.4319151,9.809302975,6.520841837,6.602052837,3.996397944,7.902958337,10.36921806,7.01626367,10.88183381,6.033965694,
1724,11.23726342,10.49331962,10.09991884,7.406607147,5.366298075,4.490429802,8.274379552,,,5.942213894,9.537202223,6.069629835,6.283885418,3.949762198,7.68534394,9.764018659,6.276903742,10.1543273,5.404939981,
1725,10.74518047,9.66448532,9.595031833,7.036356677,5.266999148,4.176655726,7.602809848,,,5.793132499,9.840408597,6.245518022,6.762257579,4.080289718,7.531140086,9.737045961,5.896458801,9.735276189,5.736419984,
1726,11.16954842,10.02653542,10.2795196,7.538314375,4.577918702,4.557674938,7.95017528,,,5.868656145,10.04788647,6.073737978,6.376112598,3.875313526,6.354080144,9.469178687,7.216765911,9.259634936,5.19727273,
1727,11.18058319,10.03098831,9.201267668,6.74759629,5.041277041,4.554798275,8.265452554,,,6.467553319,10.36519943,6.694709114,6.659330567,3.926053357,6.99995945,8.967223308,7.259437402,8.382986574,4.833278994,
1728,11.19877682,10.23649625,9.389897471,6.885924812,5.723073856,4.722883885,7.944855449,,,5.822646373,10.11744065,6.513301849,6.781913849,4.04313711,7.555614664,10.01602536,7.672227694,9.291011325,5.387562425,
1729,11.29873108,10.49536818,10.68812147,7.837955747,5.925688373,4.688626519,7.190263075,,,5.634241151,10.18321797,5.8984139,6.664115259,4.177994939,8.036906858,9.947407797,7.786563716,9.909191004,5.455599919,
1730,11.69488869,11.03172859,11.02425659,8.084454834,5.878014488,4.770057425,8.310270396,,,5.636867474,9.773450132,6.744348429,6.87008084,4.366960483,8.301193322,10.41105764,8.457464111,10.10328581,4.946270438,
1731,11.91873012,11.02107535,11.57933428,8.877489616,5.472584286,4.536962555,7.583094501,,,5.96234634,10.45413136,5.869263315,6.80775144,3.989932229,5.932416132,10.14643724,6.984730615,10.36899082,4.437003872,
1732,11.75564978,11.3488648,11.49988463,8.816578219,5.962655432,4.576784274,7.959557205,,,5.99413987,10.52061876,6.566965858,6.94996299,4.401644216,7.636327728,10.00458225,6.147278444,11.67601182,5.03517589,
1733,11.93456038,11.44256098,10.92542048,8.376155704,6.528489299,4.598360452,6.303942668,,,5.566618081,9.860933933,6.801683939,6.532497539,4.35530818,7.616489636,10.32159604,5.218060211,14.20135858,4.93053534,
1734,11.91135245,11.04013071,10.57602878,8.108288731,5.847915446,4.240793432,5.447747469,,,4.910800553,7.768430369,6.853636463,6.921376704,4.287981231,8.187539202,9.55761292,5.465137841,9.882315514,5.49252219,
1735,11.92376648,11.39517936,10.4794187,8.034221005,5.728408862,4.093613443,5.632899924,,,4.643259863,8.104452262,6.282617947,6.398858207,3.99655019,8.25194169,9.604007331,5.542456907,8.86812803,5.001206443,
1736,12.06034536,11.38867974,12.43799848,7.946499029,5.582564331,4.523043862,5.913915061,,,5.20878409,8.369870802,6.261411144,5.820477178,3.687186425,6.9471006,8.932521768,5.125927972,9.469712804,4.033575125,
1737,11.99217092,11.12808096,12.99560747,8.663738315,5.767419991,4.519916828,6.130945215,,,4.882318832,8.13483257,5.736733514,5.997564706,3.512551725,6.630909348,8.014658039,5.387270507,7.59154809,3.965941575,
1738,11.89552639,11.07966353,12.63960936,8.426406237,5.559545066,4.365039954,6.344382736,,,4.997924629,7.638284398,5.477845341,6.098670402,3.642736383,7.414032135,9.279221107,5.609052211,7.627647314,4.45921835,
1739,11.74096649,10.60739648,11.27487431,7.516582874,5.554319628,4.483085444,6.816833369,,,5.256044065,7.956910975,5.190307801,5.739299773,3.394018706,6.900976397,9.821833617,6.103886118,8.798179202,4.049837087,
1740,10.69422473,8.903246993,10.85671633,7.237810886,5.397424263,4.348491828,6.219770129,,,5.290916273,7.410235862,4.379911829,5.393532485,2.858424054,6.36224727,8.024504678,5.680789313,8.839106798,3.657393637,
1741,10.00608562,8.118687868,12.44892203,8.299281352,4.494554721,3.941829826,5.656346985,,,5.566020004,7.543940814,4.445119678,5.734219296,2.974107651,6.198512835,7.613631061,4.697632782,9.515606384,3.547994909,
1742,11.13987304,9.622712336,13.25117604,8.83411736,5.713511015,4.119281748,6.862550893,,,5.578510135,8.395564032,4.710453953,6.026974244,3.158414508,6.01988994,8.984446701,6.24985803,8.9003465,3.551643782,
1743,11.36527345,10.57046218,13.48234055,8.988227034,6.392836845,4.32333216,6.662317503,,,6.088213371,9.746563515,5.238027195,6.22326708,3.416637509,6.326393013,9.940148153,5.988077515,9.0992454,3.650282577,
1744,11.52823633,11.13836299,13.45419647,8.969464315,6.302370386,4.185791213,6.26360049,,,5.925891375,8.70511947,5.800037576,6.031171273,3.691668393,6.908172386,9.915970382,5.807893172,8.72638613,4.220996042,
1745,11.25522747,9.570321722,12.39707828,8.264718857,6.370939087,4.149002906,6.032718612,,,5.852471218,9.254456842,5.551712906,5.56307522,3.614012077,6.43506482,9.160592978,4.839271246,8.202467708,4.284218169,
1746,11.26739466,8.989778035,12.38221362,8.254809078,6.145019089,3.932149593,6.1929748,,,5.961746761,10.47573863,5.403195189,5.470455974,3.453798197,5.893632484,8.574348977,6.537734422,7.628985267,4.85822761,
1747,11.039624,9.027884169,12.49498866,8.329992437,6.170569128,4.168957723,5.490645451,,7.229610829,5.844440204,9.756299263,5.760893175,5.669166416,3.701053364,6.568622182,8.664169088,6.948523961,8.461485806,4.781293155,
1748,11.17639267,9.362314347,12.37725777,8.251505178,5.682347753,4.18439771,5.054301014,,6.963432928,5.22072649,9.002909228,5.72934908,5.424349345,3.613437783,6.516991358,8.990664157,6.556805746,7.828558979,3.75001925,
1749,11.14738755,10.2858064,12.48629011,8.324193407,5.758690182,4.760198382,5.276630785,,6.719987313,4.989882649,8.236314541,5.587329629,5.769464923,3.516707967,6.824549732,9.041796341,6.493994155,8.503881228,3.867762254,
1750,11.18069744,10.13623915,12.75695949,8.50463966,5.689422896,4.225825725,4.763101193,,7.336782638,4.821799381,7.831243665,5.73232806,6.135559567,3.917137544,6.885103273,9.764072251,7.091972349,9.952788308,4.350557038,
1751,11.52461301,10.36747712,12.18034549,8.120230328,5.52654665,3.92734059,4.87538374,,6.963480498,4.775523052,7.163872628,5.56440819,6.166759477,3.552386416,7.186129814,9.289245365,6.158891079,9.844693907,4.522422181,
1752,11.35620051,10.04565986,12.0216499,8.014433264,5.166010628,4.390930921,5.575925986,,6.646219829,5.031715261,7.083909995,5.762453526,6.157280124,3.58254272,6.330471298,8.880160054,6.300339914,9.661405373,4.519928735,
1753,11.67573462,10.61765014,12.20638671,8.137591138,6.394247304,4.528979448,6.818776349,,6.745836561,5.082854045,5.465407611,5.621758752,5.776073598,3.651741459,6.164505343,9.474381516,6.352058455,10.14175498,4.49518134,
1754,11.64166378,10.82645767,12.81391108,8.542607388,6.275554985,4.612251455,7.090781027,,6.510630672,5.180812196,5.765255024,5.750023103,5.621886289,3.602000001,6.393759678,9.025708873,6.017957459,10.29565145,4.686844182,
1755,11.54155176,10.56959439,12.10139143,8.067594288,7.247449097,4.868249467,6.443960954,,6.5975165,5.069364625,6.796177949,5.643442787,5.538955206,3.431061455,6.355142822,8.360100117,6.19563985,9.685754372,3.918825179,
1756,11.72727636,9.618153536,10.04504764,6.696698429,7.11482175,4.979638278,6.545712892,,6.575236261,5.574863981,8.687529613,5.30267772,4.775683937,3.279123638,6.084715509,7.658268324,6.217011559,9.815229271,3.835922912,
1757,10.96283996,8.810124496,10.82177328,7.214515522,6.317443192,4.700422031,6.419616628,,6.679474109,5.004478192,8.452157655,5.313225004,5.407751604,3.148107516,5.680946632,7.05366369,6.035674609,10.01598286,3.966700842,
1758,11.09599035,8.923408842,11.63778576,7.758523838,6.473746667,4.69683202,5.986547041,,5.641021076,4.852213386,8.218436379,4.69003026,5.816007688,2.737286984,4.985609122,7.200594934,6.219442409,9.090221934,3.667754834,
1759,11.50573845,9.981140033,12.2639619,8.175974597,5.938523761,4.684132973,5.373863281,,6.174837717,4.911964382,8.487297169,5.080371658,5.480552343,3.100136523,6.053894216,7.86819278,6.356983596,10.03304191,3.720875933,
1760,11.7357447,10.68702721,12.30878197,8.205854649,5.83762319,4.262432391,5.97808766,,6.871512935,5.066052182,7.823244149,5.253280408,3.849399082,3.346565728,6.097379331,6.763307516,6.091446953,10.41331751,3.54267188,
1761,11.38863014,9.83745749,13.04901977,8.699346511,6.078235429,4.510017825,6.637206229,,6.766521274,4.915700999,7.890805509,4.694466374,2.362252881,3.310744656,5.984876512,6.235044982,5.566138538,9.373941274,2.93661504,
1762,10.96133129,9.460393552,12.39614381,8.264095876,6.059877919,4.498893735,7.030642637,,6.985090995,5.238136096,6.842271838,4.752110196,2.460112463,3.021627064,5.886096072,5.407731539,5.709161244,9.417990329,3.262986849,
1763,11.0853944,9.6694995,12.14830385,8.098869235,6.464723587,4.460641857,6.197587859,,4.961994234,4.612926051,6.049948228,5.144388706,5.371501381,2.977686953,5.686428964,5.990604734,5.986080588,9.236719548,3.689043992,
1764,11.30462076,10.16214174,11.36094929,7.573966193,6.559617087,4.562674234,5.367312772,,5.563232713,4.134509863,6.126048582,5.117557218,5.71938354,2.877528081,5.830911194,6.185908298,6.658317975,9.831597631,4.330181555,
1765,11.52928445,10.44698257,10.43331621,6.955544137,6.443262707,4.49264294,4.989417504,,5.82289701,4.466091531,5.987284357,4.302687791,5.456842493,2.989835729,5.897604349,5.912711985,6.298433735,11.25316202,4.103046556,
1766,11.1940627,9.462507588,10.71099039,7.140660261,6.30839868,4.627951846,4.810993437,,7.095294935,4.074222734,6.172978964,4.687147359,5.94099784,,5.698002762,5.724877828,6.676134036,10.64925182,4.423229129,
1767,11.21832511,9.356587904,9.667720631,6.445147087,6.131162655,4.50324575,5.023374819,,5.447040963,4.078813025,5.6724557,4.371247707,5.864936491,,5.184515467,5.703163002,6.904519368,11.07188594,3.938173976,
1768,11.16244901,9.388411292,9.938666991,6.625777994,5.302079413,4.231389606,5.586235628,,5.804883728,3.961772544,6.214989436,4.314040509,6.130658582,,5.396096952,5.64957439,4.754656012,11.26078085,3.504030619,
1769,10.93059905,9.029673965,11.006742,7.337828002,5.379426799,4.272401372,5.872447403,,6.266041047,4.050182382,5.762155446,4.27823637,6.114490631,,5.579265923,5.868811914,5.416985965,10.70237783,3.870390846,
1770,10.84600395,8.964943529,10.79847806,7.198985376,5.349495093,3.666911951,5.349368904,,6.438658787,4.332132114,6.347238517,3.118652421,4.740227018,,5.141394908,5.986009348,5.558152228,11.45530505,4.554801123,
1771,10.26194936,7.727252659,10.0796474,6.719764934,5.204268247,3.699988379,5.137768213,,5.66407104,4.529025852,6.381801037,3.383238394,3.61328703,,4.853349881,4.990237029,4.88502534,11.30484997,4.181435876,
1772,9.909628415,7.431787394,9.236432512,6.157621675,5.482438733,3.947015317,4.535827348,,5.460935232,3.906532531,5.91392454,3.681995688,5.12062631,,4.895352825,4.792233095,5.188142725,10.01589307,3.268333648,
1773,11.17609181,8.196057363,9.229300227,6.152866818,5.639734986,4.709392853,4.766836309,,4.839674527,3.843956734,6.577346369,4.554089468,6.064585875,,5.43795263,5.299058683,5.232488885,9.666502472,2.665452509,
1774,10.66856316,9.140370182,9.418352942,6.932954249,5.894029078,4.872332585,4.01175527,,5.255240477,4.13394097,7.288283315,4.979925488,6.325208508,,5.607356539,5.484589939,5.476390645,8.764819243,2.692941924,
1775,10.57578458,8.762269166,9.480058159,6.978376145,5.713349393,4.767374463,4.135883283,,5.772453457,3.851293513,7.154318069,4.867726565,6.198725186,,5.771173391,5.319791202,5.614589765,8.731005326,4.206738442,
1776,11.18312744,8.940646556,11.31013772,7.492966242,5.496197515,4.375835147,5.020218545,,5.919489516,4.219190578,6.987914377,4.768344144,5.998979656,,6.058198236,5.331003911,5.889673902,9.626165345,4.184410945,
1777,11.81411158,9.504602178,10.52423264,7.630068664,5.76693452,4.251349922,4.261073825,,5.41922971,4.151211578,6.700830725,4.26899816,6.054208661,,5.705443698,5.687683532,5.461109002,10.46178482,4.282334227,
1778,11.68211777,9.542717256,10.85329682,7.868640195,5.90725484,4.08572894,3.709616382,,5.474048,4.198705474,6.212633873,4.59528103,5.85106257,,5.591737086,5.666870596,5.911321186,10.35721889,3.269182417,
1779,11.42040867,9.648100636,11.52034609,8.352250917,6.151591056,4.047359241,4.25595723,,5.323451777,3.966799861,6.38809552,4.924520542,5.898409752,,5.472974992,5.999260783,5.895084908,11.29483152,3.809927322,
1780,10.22231197,9.46004771,11.70126653,8.483418236,6.371712553,5.215915252,4.688151212,,5.217416265,3.844833552,5.333667096,4.769139569,6.078686657,,5.409593755,6.301706765,5.734762848,10.61683235,3.699503915,
1781,10.41501695,8.801052356,10.77209463,7.809768605,6.270651884,5.215229937,4.164925849,,5.312851479,3.695862399,6.034474948,4.461138384,5.696774101,,5.337555131,5.465194005,5.612550761,9.816862602,4.476272688,
1782,10.49591696,8.323853752,10.8450763,7.862680316,6.333907132,5.205703875,4.088910107,,5.781216903,4.258469195,5.94520448,4.293654093,5.412664364,,5.331128507,5.436324994,4.622724127,9.91787429,3.379615169,
1783,10.23212071,8.857616934,10.94892792,7.937972741,6.167413571,5.124763949,4.012705936,,5.680082487,3.908503931,6.388347498,4.738063903,5.289436938,,5.644630256,5.340263056,6.12321624,10.68727845,3.830914118,
1784,10.21537566,8.984931639,11.20961668,8.126972092,5.652802993,4.964144936,4.009053874,,5.440025089,3.596012753,6.368047403,4.651105427,5.190774656,,5.70400611,5.458682406,6.209393527,11.62087423,3.769942823,
1785,10.35424448,8.783561106,11.54930203,8.373243973,5.788169413,5.02852133,4.527741028,,5.153010216,3.594130168,6.008073543,4.364485851,5.102510917,,5.605409316,5.429756886,7.068622699,11.27614461,4.292674084,
1786,10.03284978,8.79826523,11.78743197,8.545888179,6.014504673,5.22196152,4.369229693,,5.057775611,,6.400311134,4.279635015,5.14991092,,5.612588812,4.899360129,6.272015803,10.91809812,3.456474055,
1787,10.26569884,8.475259977,11.53266039,8.36117878,,5.008249752,3.653365156,,4.801606658,,5.995116839,3.951141298,5.120447156,,4.791217697,4.793578056,5.264535902,8.763094425,4.381558823,
1788,9.643274753,8.413229647,11.14716756,8.081696481,,4.78482099,4.283841343,,4.728689281,,6.225077995,4.065870527,4.98296518,,4.428549493,5.065807153,4.857146204,9.218308549,4.346825429,
1789,9.690561493,8.541515242,10.99404713,7.970684167,,4.461043196,4.38791838,,4.599095882,,5.984934084,4.01513873,4.700572112,,4.36605767,5.098878726,4.676304427,8.260775384,4.234533139,
1790,10.09506826,8.396987598,10.51730132,7.62504346,,4.453533445,4.111010824,,4.635045707,,5.821414114,4.172964282,4.66306263,,4.573294058,4.886083177,5.002794163,9.329684171,4.348315603,
1791,10.54149338,9.249279016,10.78661228,7.820293899,,4.878584403,4.541789069,,4.578328896,,6.748435209,4.318366716,5.029408868,,5.580503758,4.974208523,5.48217016,8.900634982,4.510032576,
1792,9.860046968,9.203359179,10.99404713,8.93266329,,4.494652749,4.337742348,,4.129693801,,6.304024457,4.105772956,5.058068746,,5.981512367,4.920974133,5.30573926,10.33092077,4.719826544,
1793,8.814876556,8.385252235,10.3674434,8.423547766,,3.532684877,3.623874162,,3.879649326,,5.226383927,4.007068946,5.180295493,,6.19125806,4.571861831,5.263413228,9.193009537,4.919282808,
1794,8.868622816,7.952743779,9.992092769,8.118575375,,3.806122552,3.696162884,,4.008524774,,5.059040065,3.674144865,4.747953233,,5.801386627,6.406826807,5.549086038,7.037030971,4.767427223,
1795,8.867791574,6.590857376,8.569235876,6.962504149,,3.748569868,3.394529507,,4.477584719,,5.653249514,3.25824097,4.567143618,,5.664357264,5.957094013,4.764077598,6.592052583,4.575631663,
1796,8.339037672,6.78630832,8.566615315,6.628928517,,4.197959337,3.307780661,,4.142465231,,5.393480956,3.109765165,4.610765526,,6.00697311,6.968664249,,8.467608541,4.734031483,
1797,9.395972756,8.582826737,10.56741246,8.270148883,,4.183572473,3.135109319,,3.658692356,,5.169967835,3.799096172,,,5.715446244,7.092021805,,,,
1798,8.851386323,8.784125722,10.93895167,8.204213755,,4.40406343,3.08270515,,3.720591876,,4.847555587,3.589119701,,,5.792377206,6.87770543,,,,
1799,8.719094884,7.872764563,10.04476193,7.232228592,,4.404977641,2.556460428,,3.932762079,,5.230564076,3.649887634,,,5.165455811,5.702930784,,,,
1800,8.284341118,7.736906532,7.924422087,5.486138368,,4.279374278,1.766613627,,3.866359032,,5.377658399,3.813015155,,,4.285773497,4.84141583,,,,
1801,7.105185481,7.141805318,7.915713931,5.277142621,,6.426437561,1.998135734,,3.703667529,,5.859058478,,,,,,,,,
1802,6.823436658,7.560191661,10.51065128,7.007100853,,6.263483018,2.762830954,,4.028872694,,4.672164363,,,,,,,,,
1803,7.686381448,7.794336688,10.85924574,7.943337165,,6.510960627,3.216050825,,4.127771899,,3.484046761,,,,,,,,,
1804,6.753315425,8.006396603,10.52125148,7.421239887,,6.565062658,3.481885903,,4.120757352,,2.996702844,,,,,,,,,
1805,7.675022923,7.449516813,9.792413917,6.446672495,,6.216457988,3.805756249,,4.09386052,,4.207241402,,,,,,,,,
1806,7.769572111,7.159984766,10.45775214,6.884686829,,6.064170343,3.805756249,,4.486301385,,6.397269227,,,,,,,,,
1807,8.326853851,7.005214936,10.95392287,7.850311388,,6.279784728,3.805756249,,,,8.252759293,,,,,,,,,
1808,7.796302099,7.666886049,10.31400297,7.391702132,,6.221477247,4.028446044,,,,9.805084898,,,,,,,,,
1809,7.578670678,7.787361729,10.07326423,6.562884272,,6.381782794,4.080426246,,,,10.67678808,,,,,,,,,
1810,8.62524617,7.854594961,10.67946579,7.119643862,,6.261656907,3.089639706,,,,9.391648899,,,,,,,,,
1811,7.206778171,7.629419595,9.081758988,7.031039217,,5.761325297,2.509065016,,,,4.487638565,,,,,,,,,
1812,7.735109848,6.659452212,9.446950396,6.297966931,,5.316658714,2.685326507,,,,2.980992747,,,,,,,,,
1813,6.686305712,7.637270045,9.636521307,6.424347538,,5.805795933,3.152822924,,,,4.843564969,,,,,,,,,
1814,8.754837426,7.415951358,11.12478715,7.416524764,,6.043767679,3.056728592,,,,6.130371801,,,,,,,,,
1815,8.682917337,7.349342393,12.31907594,8.959327957,,5.990343304,2.501231273,,,,6.979525775,,,,,,,,,
1816,7.389577902,6.272457559,10.92311779,7.944085666,,5.042131397,2.353448241,,,,8.334201663,,,,,,5.596794401,9.291192561,,
1817,6.324006935,6.022126463,10.38211431,7.550628593,,3.983730604,2.51464539,,,,8.2231715,,,,,,4.846571135,9.219155913,,
1818,7.76563974,6.284909695,11.13494891,8.098144663,,5.475096116,3.245114154,,,,7.856824957,,,,,,5.447644167,10.64068002,,
1819,8.493964218,6.474155381,10.57753257,8.462026053,,5.928020763,3.890350863,,,,8.433841991,,,,,,7.409074434,11.08254483,,
1820,10.62160494,7.025317274,11.05478772,8.843830175,,6.118392524,3.693125023,,,,9.496181703,,,,,,6.438445902,11.29565436,,
1821,12.16319752,7.559379379,11.83974306,9.471794447,,6.492958421,3.534817013,,,,11.28996091,,,,,,6.056391497,11.34913179,,
1822,13.25287363,8.77598648,12.77180794,10.21744635,,6.107262161,4.448283545,,,,11.34359493,,,,,,5.253923587,12.05201767,,
1823,11.57306031,8.58562428,12.5318366,10.02546928,,5.988119998,4.524991276,,,,11.0102445,,,,,,5.634092854,12.51946264,,
1824,15.21997465,8.828393682,11.96959069,9.575672552,,6.38418095,5.096129133,,,,7.970967693,,,,,,6.685580817,14.62678743,,
1825,14.29161373,8.890784211,11.37962034,9.103696275,,5.431126823,4.91309623,,,,8.009755857,,,,,,8.063506563,15.66613488,,
1826,12.99277108,8.603106862,12.20071084,9.760568668,,5.178976906,4.90620352,,,,9.625759231,,,,,,6.930213093,15.79900027,,
1827,11.46885259,8.089643464,12.42805327,9.942442619,,4.81780232,4.564074211,,,,12.08816276,,,,,,6.268695491,15.43895613,,
1828,12.27112757,8.138132109,12.47972917,9.983783337,,4.725703291,4.279559407,,,,13.45679485,,,,,,7.174720263,16.83021538,,
1829,11.7311429,7.734103985,11.92204515,9.537636117,,4.765536446,4.260899138,,,,13.06353039,,,,,,7.307005681,16.69733268,,
1830,11.05625059,7.385489396,12.28812637,9.830501095,,5.457034586,4.567970599,,,,12.0000352,,,,,,7.877928605,16.1843505,,
1831,10.48912502,7.112409865,12.15131525,9.721052196,,5.350408589,4.612031935,,,,9.877256391,,,,,,6.97751057,12.37811946,,
1832,10.21676398,7.447087316,12.69080281,10.15264225,,5.300493279,4.726692863,,,,8.387804445,,,,,,7.309243907,13.62809518,,
1833,11.84471571,7.462459179,13.12076444,10.49661155,,5.763395856,4.830761599,,,,8.606888889,,,,,,7.390455208,13.40812651,,
1834,12.58868106,7.282047749,13.41396588,10.7311727,,5.968663525,4.941691865,,,,10.4609806,,,,,,6.742719813,13.03744999,,
1835,12.29442478,8.125613545,14.1741434,11.33931472,,5.864603431,4.775675404,,,,9.502147157,,,,,,6.510648448,13.16591874,,
1836,11.96214303,8.09735053,13.19285655,10.55428524,,5.887433645,4.42824442,,,,8.566931188,,,,,,8.082402181,14.80106399,,
1837,12.126008,7.938457884,12.45383762,9.963070093,,5.675853542,3.906124141,,,,7.404963795,,,,,,8.009096055,14.47256176,,
1838,11.3486998,7.480077078,12.15131525,9.721052196,,5.563702685,4.233373531,,,,7.299513362,,,,,,6.415288415,13.71472772,,
1839,10.66504318,7.264075848,11.32594289,9.060754311,,5.253817072,4.111462718,,,,8.312238639,,,,,,6.755269235,14.72050957,,
1840,10.66504318,6.818266186,11.43380901,9.147047209,7.813227208,4.493382714,4.077376387,,,,8.582869664,,,,,,6.063383674,13.10063697,,
1841,11.82521944,6.799453525,11.74706405,9.397651242,8.057936785,4.670479078,4.176729836,,,,9.71219462,,,,,,7.167407201,13.20596355,,
1842,10.67153949,6.465043464,12.22555953,9.780447627,7.779476766,4.419448819,4.267858771,,,,9.099196143,,,,,,6.582944483,15.0462673,,
1843,11.51402945,6.938747191,13.42897032,10.74317625,7.796315461,4.446707698,4.243416704,,,,10.08369933,,,,,,6.224363552,17.16882857,,
1844,11.98720874,7.294770235,12.96490223,10.37192178,8.518900796,4.73116123,4.31060518,,,,10.43731322,,,,,,6.833028695,17.61571572,,
1845,9.722958204,7.095251808,13.13511976,10.50809581,8.556846902,5.443788225,4.394770881,,,,11.60576716,,,,,,5.893753144,15.2551357,,
1846,9.409314391,6.659280196,11.57714509,9.261716075,8.004217206,4.740679874,4.135481774,,,,9.263639447,,,,,,5.350669474,17.11729676,,
1847,9.211223562,6.382869187,10.3495685,8.45214761,7.489326041,4.68027348,3.745245117,,,,8.121734351,,,,,,4.360895532,16.91504841,,
1848,11.21879793,7.132951544,12.33864282,10.0765583,10.55018103,5.741769769,3.931441018,,,,11.36482045,,,,,,5.160984774,18.2685274,,
1849,11.51402945,7.302091738,12.81269953,10.46370462,10.82260355,6.049762102,3.943025796,,,,11.63254296,,,,,,5.321912125,18.30687806,,
1850,11.3644966,7.644355515,13.61167739,11.11620321,11.27244281,6.009135172,4.333944164,,,,11.61885761,,,,,,6.569468413,17.96792079,,
1851,11.07678783,7.486265249,14.24139912,11.63047595,10.00527151,5.074288059,4.312654975,,,,11.10914395,,,,,,5.909145893,19.38666365,,
1852,10.05823262,7.272345279,14.00875083,11.44047985,9.673343069,4.886330157,3.962259137,,,,11.66001059,,,,,,5.609437847,19.18362505,,
1853,9.115273316,6.897327268,13.24578677,10.8374619,8.648624524,4.579443249,3.506684582,,,,10.1168694,,,,,,5.199051241,16.61557268,,
1854,8.839052913,6.10993382,12.19395144,9.976869359,7.673215743,4.263511629,2.513426874,,,,10.56560501,,,,,,4.520684195,14.57969401,,
1855,8.664022162,5.754894428,11.99459528,9.813759778,8.622137027,4.277946473,2.518948961,,,,10.60078461,,,,,,5.82402749,12.80157755,,
1856,9.141966242,6.090280973,12.01642348,9.831619214,8.606685168,4.404982865,2.55942725,,,,8.851999009,,,,,,6.896033141,13.89234327,,
1857,10.33912849,6.112244929,12.41170057,10.15502774,9.165134206,4.622432317,3.116216233,,,,8.464756779,,,,,,8.54808067,20.51698878,,
1858,11.57982391,5.701742461,13.8573446,11.3378274,9.761240496,4.979327563,3.704760798,,,,8.655332917,,,,,,8.175265439,21.50211366,,
1859,11.13444606,6.211867002,13.77064589,11.26689209,9.922583314,4.921698118,3.06098383,,,,9.591044583,,,,,,7.112266078,18.58824615,,
1860,9.758278573,5.850666722,12.7348596,10.41943058,9.721721303,4.792635082,3.251191059,,,,9.734936438,,,,,,7.088083112,18.25870579,,
1861,9.141966242,5.691507975,12.93216464,10.58086197,9.200249662,4.470502333,3.370291546,,,,9.241582194,,,,,,5.959318283,18.36820775,,
1862,9.141966242,5.968813925,12.96890374,10.61092124,9.509961037,4.578458368,3.458726087,,,,9.33280056,,,,,,9.096617875,17.8630176,,
1863,10.99350371,6.116641316,13.62702721,11.1493859,9.605060648,4.732339007,3.679073719,,,,8.297288569,,,,,,9.135263361,18.64499144,,
1864,10.85608491,6.218626893,13.84748468,11.32976019,9.682520814,4.859651474,3.888549909,,,,8.194125124,,,,,,8.478418358,18.20358328,,
1865,10.72205917,6.038132734,14.61492852,11.95766879,9.741440819,5.741733431,4.055686861,,,,8.551051797,,,,,,9.177153703,14.14921447,,
1866,10.85608491,5.704806499,14.61401878,11.95692446,9.217908491,5.389874406,4.172323165,,,,8.342300985,,,,,,8.922402202,14.16308134,,
1867,8.598879138,6.18775235,13.55118105,11.08732995,8.763741467,5.065395157,4.180378217,,,,8.093495517,,,,,,7.745944137,12.78858014,,
1868,9.649853255,6.401751436,14.06254637,11.50571976,8.668827299,5.05334553,4.111889388,,,,7.988385185,,,,,,8.112157018,13.42328882,,
1869,9.649853255,6.599706834,15.34471972,12.55477068,9.235635238,5.287023606,4.195323734,,,,9.443792108,,,,,,8.772187631,14.40819003,,
1870,9.338567666,6.149768941,15.26986743,12.4935279,8.560660114,,4.252296016,,,,8.897381764,,,,,,7.705222285,15.5935041,,
1871,8.27130279,6.244034661,14.85092121,12.15075371,7.990899041,,4.173012283,,,,9.135232564,,,,,,7.273098014,13.18686111,,8.13245787
1872,9.573093059,6.602305624,15.13476651,12.38299078,8.606685168,,3.764400733,,,,9.551330113,,,,,,8.931694921,12.49136383,,8.610947908
1873,10.51859116,6.956841251,15.90955106,13.01690542,8.223510828,,3.510493348,,,,8.661216881,,,,,,9.213975045,11.67939909,,10.24677756
1874,11.72414947,6.847167355,16.66000159,13.63091039,8.455159021,,3.426592587,,,,10.98852969,,,,,,11.00132018,12.62274377,,12.34551513
1875,13.60178231,7.433825497,16.91532728,13.83981323,8.860757055,,3.971593506,,,,11.09743485,,,,,,10.13275101,13.9749545,,13.48260205
1876,12.0195929,7.382585138,16.8829844,13.81335087,8.485035908,,3.526261029,,,,11.18612563,,,,,,10.18504143,14.33527341,,14.63825365
1877,12.45940399,7.290869307,16.89914036,13.82656939,8.35222665,,3.588695292,,,,9.749288224,,,,,,8.559955446,13.67469868,,13.30750332
1878,11.39191001,7.755249834,17.41578075,14.24927516,8.308875993,,3.600019766,,,,9.935642828,,,,,,10.25343483,13.53869568,,14.03668159
1879,10.73539046,8.003458317,18.24339017,14.92641014,8.440299339,,3.61695753,,,,8.820826854,,,,,,11.28431297,11.89924717,,14.2316355
1880,11.20080183,7.966105266,17.87409077,14.62425608,8.209453545,,3.608008741,,,,9.117178744,,,,,,8.946060131,11.1451768,,13.48260205
1881,10.56903383,8.2632721,18.11241198,14.81924617,8.294525602,,4.147053846,,,,8.6149252,,,,,,9.727429534,11.7573841,,13.30750332
1882,11.70120272,8.519032325,18.07533437,14.78890994,13.27124096,,4.638878678,,,,8.216015039,,,,,,11.42668287,11.76083184,,13.66237008
1883,11.03981457,8.418802739,18.07533437,14.78890994,13.11271078,,5.034644129,,,,8.464756779,,,,,,11.9617197,11.49720383,,13.66237008
1884,11.92898247,8.622357974,18.70720517,15.30589514,13.50447894,,5.4969752,,,,8.426104922,,,,,,12.15193835,11.76908949,,14.2316355
1885,13.09278526,9.528598278,19.38485366,15.86033481,13.94564159,,5.498341466,,,,8.456998065,,,,,,12.31180498,13.53689051,,14.63825365
1886,12.48729201,10.04685705,19.55659101,16.00084719,14.15110224,,5.459949842,,,,8.795600466,,,,,,12.78815335,13.57292104,,15.06879053
1887,12.74008731,10.85846575,19.95435218,16.32628815,14.2561197,,5.760298223,,,,8.97527713,,,,,,12.56573625,12.83062654,,15.06879053
1888,12.75480678,10.72955307,19.9995489,16.36326728,14.44370022,,5.736004413,,,,8.83772499,,,,,,13.19099667,12.46078655,,17.56590438
1889,11.68310552,10.57097966,19.84224908,16.23456743,14.38960397,,5.912397518,,,,8.770517955,,,,,,12.4776232,12.42092763,,16.8440179
1890,14.05231918,9.573223335,19.75346944,16.16192954,14.12508919,,6.721371121,,,,9.054548468,,,,,,11.40166637,12.66467784,,16.39484409
1891,12.58481352,10.02250701,19.60000187,16.03636516,13.99644539,,6.871811418,,,,9.162447755,,,,,,10.8011038,13.47991785,,15.96900399
1892,11.43169306,10.25232402,19.51337202,15.9654862,13.09780997,,6.599042079,,,,8.984016445,,,,,,11.66803253,12.55165942,,16.17912246
1893,13.01940712,11.41825112,20.73891592,16.96820393,13.74770131,,6.527602439,,,,8.762188879,,,,,,12.44974785,15.51488255,,16.39484409
1894,11.61984813,12.64433618,21.29099354,17.4199038,13.34036201,,5.612483187,,,,9.217367522,,,,,,13.75334182,14.82758519,,16.61639604
1895,14.68651581,12.62703118,21.59086669,17.66525456,13.77398754,,6.212683675,,,,9.386149429,,,,,,13.04105249,17.40889805,,16.8440179
1896,14.83133893,12.86747364,21.64166873,17.70681987,12.88034953,,6.798860481,,,,8.745578094,,,,,,11.78107689,18.59615543,,17.0779626
1897,13.09516494,13.92611447,21.21732228,17.35962732,12.85572171,,6.419676701,,,,9.226584889,,,,,,12.34462621,19.76358093,,16.61639604
1898,13.9962814,13.86215415,20.83286344,17.04507009,12.92988933,,6.604380227,,,,9.502147157,,,,,,10.13831875,20.45967726,,16.17912246
1899,15.07853178,13.45203095,22.45054879,18.36863083,12.97981169,,7.143637734,,,,9.511943185,,,,,,11.37795821,20.22764171,,16.17912246
1900,14.91868451,12.21969488,21.58611622,17.66136782,13.2093172,,7.722530735,,,,7.395044061,,,,,,8.108920567,18.14658667,,16.4214591
1901,14.21552359,13.94781954,21.65759343,17.71984917,13.56008562,,7.752802778,,,,7.326507972,,,,,,8.265018923,19.54382766,,16.21092757
1902,13.53411116,13.73046245,21.65759343,17.71984917,13.58672626,,7.160053295,,,,7.219453974,,,,,,8.260770212,19.89568212,,16.21092757
1903,14.60521787,13.49834942,21.42115682,17.52640103,13.48078687,,7.501050172,,,,7.008246544,,,,,,8.333671336,18.35354005,,16.21092757
1904,15.46535713,13.6746921,21.49154397,17.58399052,14.02767478,,8.159093018,,,,7.265902667,,,,,,9.594254163,16.41584129,,16.34296167
1905,14.67305867,14.60396149,21.42115682,17.52640103,13.69434389,,8.812146256,,,,8.194125124,,,,,,9.417227021,14.69641301,,16.86969476
1906,16.24259047,14.83497417,21.44456792,17.54555557,13.61347178,,9.893072805,,,,8.260147618,,,,,,7.63152809,15.04334717,,16.96018354
1907,13.33888932,13.75609909,21.09868779,17.26256274,13.48078687,,9.438313134,,,,7.587652047,,,,,,9.756881181,16.26998798,,16.76745418
1908,11.02994622,14.31500343,20.8299147,17.04265748,13.24835951,,7.921026951,,,,8.56550648,,,,,,11.22856665,16.92544954,,16.76745418
1909,16.38878401,15.61287309,20.78578352,17.00655015,13.09780997,,8.051884667,,,,10.30111477,,,,,,13.21138217,16.2357866,,16.39484409
1910,17.36181412,15.86840879,20.3545432,16.65371716,12.80674753,,8.262969674,,,,10.34871697,,,,,,13.25397381,19.49353586,,16.84035616
1911,,,20.31240129,16.61923742,14.2575119,,8.140523581,,,,10.57347664,,,,,,,18.74659609,,16.50270491
1912,,,19.74022097,16.15108989,,,9.316245989,,,,10.98852969,,,,,,,20.29009343,,15.67756966
1913,,,19.62177964,16.05418335,,,9.268562822,,,,11.19731176,,,,,,,18.1675823,,16.59977964